x1,x2,x3,x4,x5,x6,y
-0.6588642824115272,0.33917858445361804,-0.5949875499432978,0.05041167364156729,1.0,0.951768767930146,6.60331715119433
-0.38991411695640865,-1.0,-0.4285431417020307,-0.7643559623976783,-0.28673155015216123,-1.0,3.451908962001591
0.7622399171669576,0.5845766174531338,-1.0,0.15308649532412832,0.04391343592289676,0.2346320304561434,0.9119056885067328
1.0,0.3807501544213172,1.0,0.8022785989051513,1.0,-0.7308567412834832,-3.638703444867163
-1.0,-1.0,0.5313883310244714,-0.822716305378957,1.0,-0.5764503154657783,6.984570997437309
0.7171758756465019,0.3965309190188009,0.5042785032120687,0.834036863773217,0.30125071418655563,0.18244698488866012,-0.0029456899636690625
-0.7519310609435692,-0.45819063435724705,-0.7164391940836954,0.6472842107733345,-0.17060088863241168,-0.3166343339283493,-0.7295997104455936
-1.0,-0.5303902118561232,-0.22191282569905857,-1.0,-1.0,0.42669355142261184,-1.5291860937755009
-1.0,-1.0,-1.0,-0.8914017969916828,-1.0,-0.5807163467949208,0.5803862936104319
-0.1688289282179221,0.29203656465009964,-0.600274718723986,-0.7409272075819338,-0.4285226654008601,0.28224233851614894,0.5824031535245852
0.16368103968428738,-0.6915925820081924,-0.3012810421497987,0.1523870088975735,0.8302197062712703,1.0,2.2231765237138505
-0.6658817562470272,0.2183167920060698,-0.2906286828709108,-0.851739228861623,0.22861209346671196,1.0,4.539048986392
0.9399836631670226,0.9244882998005363,0.15178096371726602,0.5037609642122395,-1.0,0.0780895178621871,3.293209465580961
-0.5822998570360693,-0.9905648773369147,-0.2980321783893043,-1.0,-0.7251964930406924,-1.0,4.774446443676919
-0.7495268205985478,-0.41938877939280994,-0.7854882422678248,-0.4282345856980275,-0.6388166227720312,-0.5181414754925282,0.308880502294549
-0.7857019024711294,-1.0,-0.2394303857027218,0.09610829175862179,0.08997363154149174,-0.12022306207165767,-0.21009500117791907
0.48516350201591774,-1.0,-0.10654649062669563,0.08875328974809621,-1.0,-0.7043914813695358,4.04754800702713
0.19381530562044724,-0.20438507341190526,-0.6753304801623627,0.9331306150385701,1.0,1.0,5.874667211791552
-0.4899422794539987,-0.46775102710164834,-1.0,0.023055833970909045,-0.07547246030637356,0.022079586625220804,-0.7797193089514481
-0.9592959208836441,-0.27099933557358113,1.0,-0.6647083696261145,0.20544793308632459,0.5295929600722767,-3.1465694862723534
-0.49273777583781014,-1.0,-0.33086728235814056,-0.1919393900925418,-0.37929363667353055,0.11820975874152073,-1.3966771004372267
-0.6541939627822231,-1.0,-0.5089720827281601,-0.8869742317829821,-1.0,-0.9793452249974182,4.812179559228612
1.0,-0.33707506229452866,0.47421140229335057,-0.07191378496782475,0.02564312153700321,0.9864877978618936,1.4081247452911656
-1.0,-0.862563902170435,-1.0,-0.7870751504941971,0.10623570542754768,-1.0,4.229964599346653
0.21519334320214378,0.22268213691015326,-1.0,-0.302013028954078,-0.09485400960980728,0.06776852866743022,-0.4498878036843218
0.020448967013423802,-0.7323682672584914,-0.6688401379171722,-0.8959979013040793,-0.32789335253120655,1.0,2.2864946506727284
0.5101486575699898,1.0,1.0,0.05501281483287254,0.11038696549736049,0.04974860634778033,-2.2206900647735233
-0.6885800094305464,0.8694295535640019,-0.6383893567956872,1.0,-0.002797657835637346,0.0031100139606137223,0.09107963674104486
-0.5758753715178568,0.9012553036314107,0.034247384637929756,-0.24158897121490408,0.6073147050424343,-0.5295387131193969,2.1114030501258556
-0.6422515592783105,-0.6517288493928676,-1.0,-1.0,-0.4205207769326403,0.8848130231288244,1.7493471419850195
-0.7694636888308457,0.21765431991457435,0.17086707799300727,0.19187073795645526,1.0,1.0,5.252662463315668
1.0,1.0,0.3485445661676707,0.3870399091814418,-1.0,-0.32315215140166986,2.6027002240126857
0.002399694033706934,-0.9262870039524665,-0.8852628530660944,-0.2644609634395053,-1.0,-1.0,3.279055443884716
0.5699532203973705,1.0,1.0,0.9806680224667619,1.0,0.10424019037577525,-6.779903546690185
0.24579915236168903,1.0,-0.36671203796339574,1.0,-1.0,1.0,6.041158527128166
0.6401015676001325,0.4103498167064574,1.0,0.28287115282210973,-0.027214671070370428,-1.0,3.4739364151836045
-0.032079640522642394,1.0,1.0,1.0,0.4299724448738765,0.5444866214791096,-6.836467866467524
0.3308626915863746,-0.11469200871985916,-0.7362987532450052,-0.41326428773592294,-1.0,-1.0,1.7401059882810848
0.9140615246889826,-0.13576802317807773,1.0,-1.0,-0.6752693874907596,-0.5901948889940841,4.324262620357238
-1.0,-1.0,-1.0,-0.5298309468338444,-0.6530372909301378,-1.0,2.1383391257848587
1.0,1.0,0.7969563928343142,1.0,0.5177609983126026,0.6297973573519464,-6.299545370457601
1.0,-0.08696818685816932,1.0,1.0,-0.4637581592401353,0.6145996250590187,0.2694485546543698
0.459455493931169,0.7424207859675898,0.15920787286709137,1.0,-0.48825859391082493,-1.0,5.665289697248824
-0.2646258323090813,0.23651773660126085,-0.08129970504245043,-1.0,-0.5317978729600794,-0.9684886510056059,0.9176498946340271
0.7698244641091465,1.0,1.0,0.09186919554571094,-0.4365526893829933,0.5527220628579306,-1.6330994497676037
-0.2882996864530868,-0.682404978270014,0.9918241384662777,-1.0,-0.9216107464030145,-0.9045041375648766,3.4484607719556104
-0.26842181012896504,-1.0,-1.0,-0.5804071675388134,0.10994730093048877,1.0,0.9983254690259373
-0.7126966269208711,-0.14557522191456362,-0.28621636406279527,-0.7746126850733619,0.30312001207275263,0.6587997962605877,0.9228842849822623
0.44133318267107047,1.0,0.11655540620054983,1.0,-1.0,-0.12258435954679481,3.310942390868848
-1.0,-1.0,-1.0,-0.8667068981772557,-0.06596588405726977,1.0,-1.1395526011337926
0.8590584724216214,-1.0,-0.8913367698358275,0.13659393880604853,-0.9048159110652041,-0.42547272152748383,3.0516402308220787
-0.0586064729107679,-0.6530936994114771,0.3536251448048544,-0.06680448659777755,0.11250512993919126,-1.0,3.403743458481136
0.043496319131419714,-1.0,-0.08381171205937314,0.5496069516578981,0.44732524988951794,0.22614336565739612,-0.8479677074001909
-0.1457962000954327,-0.07298578111787724,-0.0027758398466344314,-0.9644473545652238,1.0,1.0,5.719573012956842
0.5000097826913974,1.0,0.8304876863848718,1.0,1.0,1.0,-4.798933316468139
-0.3936691082061069,-1.0,-0.9674617490986671,-1.0,1.0,-0.8737416244722319,1.0486270106478377
1.0,1.0,1.0,0.7316252292298194,0.7048629208370759,1.0,-7.152769893448182
-1.0,-0.07646918892667742,-0.9588074591016116,-0.5809156183160431,0.017572094022942908,-1.0,5.9329291953898995
0.6123115806418263,-0.7068577677680886,-0.6040905393205507,-0.21026018358822737,0.6318902416627314,1.0,1.2229670370534569
1.0,-0.8260168174569547,0.2016167884291039,0.506144382219225,0.5536575688959179,1.0,0.7913411224447531
-1.0,-0.12974071494062894,-1.0,0.1556845154613944,-0.4673640100645083,1.0,5.226533759928576
1.0,1.0,0.8461695427232345,1.0,1.0,-0.501165656301602,-4.916517829306444
1.0,0.43467691252039087,-0.16595050815076207,1.0,-0.380731933868548,-0.20402541793678403,2.7707174535072006
-1.0,-0.6067031619474108,0.11486656040762569,-0.9470869287428918,-0.6032771088199356,-1.0,3.298686125934794
-0.5163606047616147,-0.12799868579227813,-0.14219920883101667,-1.0,-0.6232446546991242,0.7238425582628035,1.2468921579821122
-0.23565042726605173,0.7063167879340897,0.8333144074286762,-0.8401377708691925,-0.37209080438130626,-1.0,-1.3981673303795865
-0.7444774302913837,-0.485729079927415,-0.13360438504353045,0.8752328463894197,0.48566744438107023,1.0,4.092807170755639
1.0,0.6967743649228897,0.9028944588444314,1.0,-0.47911675165605616,0.38732648449390367,0.4694357928471461
0.01621392711400732,0.020382819215298498,-0.3456460503865043,-0.5314773413442102,1.0,0.2989457957349794,0.1716704174529342
-1.0,-1.0,-0.8127759368850418,-1.0,-0.941353965517468,-0.9240686464015505,3.329535520124053
-0.4439419063941617,0.9598318334559556,1.0,0.2096162092992634,0.9878233295193728,1.0,-2.042636648240264
-0.7284304455123162,-1.0,0.675166177129189,-0.5369050104096603,0.8916414928317786,0.8484877850064312,1.1063915529479837
-1.0,-1.0,-0.19918349348343078,-1.0,0.9023768107617518,0.7454303233043926,-0.3151492610823383
0.8409361729722191,0.7552639838328742,1.0,-0.06368478623833285,1.0,1.0,-3.788876304737318
-0.6146576861800392,1.0,1.0,1.0,0.7338895659663218,1.0,-6.426222041119005
0.7379990816547747,-0.6670948323011778,-1.0,-0.6481699117269938,-0.34771818623409806,-0.809004349721395,3.9088289130708995
1.0,1.0,0.6438682037719723,-0.5058159987662458,-0.4878768523925189,0.5638599938257466,0.7652371301070373
0.013449904804013257,-0.40644321364328495,0.1438445418701223,-0.7656305575509768,0.4704993805568481,0.28519939628475244,0.2627203353527842
-0.9005816710007377,-0.43354672742513967,-0.7229243537817307,0.5375371203349776,1.0,1.0,8.674442619158867
-1.0,-1.0,-0.6638918371947744,-0.05299633283976535,0.33063950131786846,0.7694469060012514,0.2416299731971303
0.1160824190533663,-0.45530890454618084,-0.12090650724646675,-0.19810347701082232,-1.0,-0.45989407612428224,1.2016038866032723
-0.1903242167920638,-0.6984235157013372,-0.9276369347735367,-1.0,0.3524635031794041,1.0,2.087334882078626
0.9756224648575651,0.6692577264785959,0.09521239537156341,0.5442144002220579,0.5082677932251329,0.5209932872327965,-1.1125526260932075
1.0,1.0,1.0,0.8570077779192111,-1.0,-0.47975836120521165,5.946215431092696
-0.15419835943316051,-1.0,-0.1210778433351759,-0.6807556569749729,1.0,1.0,1.9075958448897226
-0.6191116563142699,-1.0,0.09995199852689818,0.795065660550661,-0.3702795503040377,1.0,1.0787068126256778
1.0,0.9866864749573305,0.25854838927488366,1.0,1.0,1.0,-1.6179271653891414
-0.532170199822285,-0.559502005059723,-1.0,-1.0,-0.4912646880221246,0.6340724178839419,-0.28711533317438775
-0.03295352701005283,-0.6847340088599758,-0.9750495142918287,0.05131481323085407,-0.16952243636337283,-0.8526265870159856,1.6858039346876996
1.0,1.0,0.6570277143211936,1.0,1.0,0.7441369520768963,-7.064350304548977
-1.0,-1.0,-0.9465143690170859,-0.44467730365301333,1.0,1.0,2.443625298494042
-0.5853864891270044,-1.0,-0.6332689928771,-1.0,0.5934475826298451,1.0,-0.5534541450863679
-1.0,-1.0,-0.5303046225696497,0.9917230024766732,-1.0,-0.6130358739555064,-3.019641959120723
-1.0,0.11570741454808475,-0.4264848616635357,-1.0,1.0,1.0,7.788003812009346
0.4893706198758391,0.548271079690997,0.12800042024787658,-1.0,-0.13974930288617937,0.2084897658521278,0.744775476844587
-1.0,-0.5903953321831772,-1.0,-1.0,-0.02548133584964596,-0.4212153004429233,-2.062158112535195
-1.0,-0.013864028529871564,0.13414468746023123,-0.26045783387530963,-1.0,-0.5290312393413328,-1.9313859519089003
0.09044113853613052,-0.21840140859661766,0.2702112116007621,0.5458112131159195,1.0,0.4600494688875387,0.12335992249198613
-0.18354577635368896,-0.25846915036758555,-0.678535216470791,-1.0,-0.22212990922310116,0.39963806637267096,0.11045158716952376
1.0,1.0,-0.365985312592052,-0.15154005253369546,0.5460430178446958,0.22945827213856385,0.8139567286505723
0.16117445248439888,-0.7392667884277229,-1.0,-1.0,-0.6423998947294449,-0.19128658457481254,0.9714678698340409
-1.0,-0.6496187382591436,-0.9497554632735131,-1.0,-1.0,-0.9431423112602169,3.272515626960363
-0.3253684334434659,-0.006732756739917134,0.7718627672598183,-0.7032354707163,-0.9630826183043839,0.3504257872306125,-0.7095644201393878
0.7900719473247005,-0.23574569070864393,-0.22114494675951418,0.5570494856631072,1.0,-0.25140989830943594,-2.1104329702031195
0.841290767091518,-0.3032777110955772,-0.22766625217166137,-0.2792728583847844,-0.38047404531238427,-0.6758724594237545,3.380710643401743
0.05798067748056712,1.0,1.0,1.0,0.2711827931255022,1.0,-5.977497939863536
-0.13555145390320167,-0.24117268593941943,-1.0,0.8191241872998312,-0.9843307842151325,-1.0,1.9367276984179391
1.0,1.0,0.5412522959231709,0.5585172270463983,0.07202996318433628,0.44667022017245195,-1.0309109399044467
0.776887240638878,1.0,1.0,0.7712931819779827,-1.0,-0.9011828457585449,4.341971064343036
1.0,0.0966446408084849,-0.10993232330904623,1.0,-0.0600918680323462,-1.0,4.2129977166439705
-0.5768854120296921,0.7038075920384419,0.10913877081433287,0.8906299477156822,-0.6661106155600859,-0.061255297688417754,0.2153742966551312
0.003696096947627625,0.8935024192413277,1.0,1.0,-0.8493680641234637,0.37107807981704755,-2.24026445212379
-0.7805055115555765,-1.0,-0.7564122280779806,0.4599924325819806,-1.0,-1.0,-1.7672117889385874
-0.1339325202811844,-0.5984094525488064,-0.47703791132215356,0.08902973550234977,0.1776374149942801,1.0,3.4140566195917503
-1.0,-1.0,-0.6737709949562929,0.023104756479413624,-0.22657925875896923,-0.21007523600273115,-2.7381255512896256
0.087712468242504,1.0,-0.06886684548332139,0.10443107399318785,-0.648206534742334,-0.5846913344702456,0.35743514741259896
1.0,1.0,1.0,0.3751807759687198,-0.1151984359027074,-0.6642304294993522,-0.25865306088667656
1.0,-1.0,0.6476433920321844,-0.21128828071760247,-1.0,-0.04137429967900341,7.001214346776894
0.6435865879585374,1.0,0.6917513796692203,0.8118548248591857,-1.0,-0.02055937773096239,1.5603306768540268
0.9416680006069899,1.0,0.4521755454458616,0.07075208317513382,-0.5362446377946757,-0.06832577865673839,0.6454175557471189
0.850027692382589,0.5416567669848169,-0.4737688168244517,-0.0675285741631082,-0.4729641098545501,-0.3931573752397094,1.9413860718572544
0.1251236966014358,-0.1213008348785855,0.38108106304296574,-0.11386781737633456,-0.47899562930742756,0.3914406685439292,0.19084102177637582
-1.0,-0.5480349841378336,-1.0,-0.25259190032379863,-1.0,1.0,3.6012657284746887
-0.3464111119091895,0.2482042943658106,-0.10433706953420618,-1.0,-1.0,-1.0,1.5682187756333072
-1.0,-1.0,-0.8760827488539438,0.168424210687258,0.19406879952207123,0.13778300952322337,-3.44417709034022
-1.0,-0.6336687376571574,0.6633371218627853,-0.593942070528984,0.4082255101554224,-0.814896462402303,5.41758220028502
-1.0,-1.0,-0.6727711964560552,-1.0,1.0,0.1218340806195426,-3.395539210782001
-1.0,-1.0,-1.0,-1.0,1.0,0.995408915682658,-2.211161883181638
0.07636480845467891,1.0,-1.0,0.19369608667817895,-1.0,-0.7692950675408358,1.5120386776090473
0.8468544204268118,0.4949991603342825,0.8202292031115983,1.0,0.48615229166312723,-1.0,0.4941488371701098
1.0,1.0,0.19445999163989702,1.0,-1.0,0.22892109497123805,4.531824410429034
0.0013243350309372764,-0.17464148714805516,-0.08515987600083491,0.07224204405867685,-0.08256409477796445,-0.49879233080744867,0.4971856674420652
-0.3906790718700657,-0.4467866873459261,-0.9392834927276256,-0.3253993466749055,-0.48252230663772855,1.0,4.909202943518102
-0.6882433330656584,-0.74146625348311,0.03898564213087674,-0.36622639536353346,-1.0,-0.9639075833214044,1.8466683650633076
0.378956123743475,0.7580603204545868,0.46052366484808693,0.5662664003029423,0.9497162815971044,-0.23625557089492788,-1.1288514703662333
0.26405842406513635,-0.549141530624476,0.33057730988954553,-0.1929571162828006,-1.0,-1.0,5.447580791921487
-1.0,-1.0,-0.12550127468834338,-0.3393460003619992,0.34376673944061586,-0.21513804894282385,0.1137685608057678
-0.5122780101624849,-1.0,0.4044502563149104,-1.0,1.0,0.07161684642404054,2.0027459290395933
1.0,1.0,-0.9647033794812636,1.0,0.10538978011804995,-0.10190558967075403,2.3343507193556654
0.30062022444139047,0.19382788095044262,1.0,0.7019038794394106,-0.64720159468278,0.225466793159884,-0.5789807180893835
-0.8564136604853954,-1.0,0.3398687085506551,0.6566604479285425,0.44992200324998977,1.0,1.471991705974876
1.0,0.39017859315477943,1.0,1.0,0.3991088192613321,0.34478555051309256,-3.5167825790358296
-0.293392150591239,-0.24890788799168106,-0.5742626050813364,1.0,-0.44906117337689555,1.0,4.324009332045198
-0.5934581159449996,-1.0,-0.6736400284162529,-0.07510688994584025,-0.5763907491837021,-1.0,1.4001188567882497
1.0,0.32032246588213287,-0.3677930545557557,-0.16334300668585094,0.43569272142630966,0.61040093255192,-0.5507218031105221
-1.0,-1.0,-0.912313615772672,-0.005563177830696819,-0.7415768564662888,0.31865638692696263,-4.9405640885119775
0.7012321757097364,1.0,1.0,0.5977680327534969,-0.6645808462705458,0.49013553832185996,-2.141559999305671
-0.9156834776802177,-0.4458720281533003,-1.0,-1.0,0.02601261293925805,-0.22843507568853325,-2.765241088002962
0.4703978316774062,0.49705956674114243,0.16073842248314923,0.04692483976102857,1.0,0.8638809662843472,1.3558412619660074
-0.32766396915566154,-1.0,-0.1684796124856957,-0.4392411576602625,-1.0,-1.0,2.8405859169151966
0.5243158410885598,1.0,-0.05809657826655612,0.83124904271266,0.13341302488470463,0.04560381425017024,0.6688722524220931
-0.5932863435873315,0.9215150626725968,0.5448765346863993,1.0,1.0,-0.3051191893354745,-1.4597036073409873
0.15918794949711967,0.47582096003191277,-0.42479709029909224,1.0,-1.0,0.17299526736020976,1.6224275275807953
-0.8077361301231583,-0.7834322170809267,-0.9173831942817634,-1.0,-1.0,-0.7118609418788047,2.039978000652787
-1.0,-1.0,-0.16004921275255968,0.49387109913001936,0.3604781599114004,-0.37114742760524994,0.8294581214632523
-1.0,-0.7165642198327533,-1.0,-0.09336195358991659,-0.7646051866818935,-0.5039101018232259,-2.990645788703961
-1.0,-1.0,-1.0,-0.4021309940690736,0.1270303936109115,0.29820761045829175,-5.040290502622971
1.0,0.1435201875287444,0.06792689281083275,0.8461825162812799,-0.7221385959768609,-0.14150180055632255,1.943350371609312
0.30630778293552163,0.6048151471005444,-1.0,-1.0,-0.9783143812256514,-0.40391093970297176,0.6638784120849343
-0.2859205409582785,0.9110896755740077,1.0,1.0,1.0,1.0,-4.873074777463113
-0.46250017653764997,-1.0,-1.0,-0.35736078641448354,1.0,1.0,4.070602496798029
1.0,1.0,1.0,1.0,-0.7024799835679393,0.10904588456064024,2.493423345307003
-1.0,-0.5278813327105863,-0.017028256017379118,-1.0,-0.3483734655122729,-0.40921756822464284,0.2154757790532626
-1.0,-1.0,-1.0,-0.19276463103605868,1.0,-1.0,4.073163415234462
-1.0,-0.02613307857303615,0.2414996040618509,-0.7563271233172698,0.6416276344733904,0.34246499957344145,1.9549857196922034
-1.0,-0.573274075581226,-1.0,-0.6929856921886077,1.0,0.08742094683156149,-2.791309878345211
-1.0,-1.0,-0.9267320835763065,-0.390745371749945,0.5312378829434019,1.0,1.273466352115123
1.0,1.0,0.46912089300565873,0.17743379838903306,-1.0,-0.12470167282126154,2.9071208415199594
-1.0,-1.0,-0.388290523340743,-0.6268786843517786,-0.5239324553382865,0.6856835196281938,-2.714481589964568
-0.22695533368530374,-0.1807070218149533,0.3828742896566609,1.0,1.0,0.7521458890358499,1.6042201408268297
-0.5784668384092087,-1.0,-1.0,-0.9158676555806058,0.4018693429539351,0.912814556790656,-1.2905002195896556
-0.4185054100774702,-1.0,-0.14556667258256106,-0.5032160687209435,0.11967623847775766,0.6718255088951978,-1.1518374999371475
-0.5897930409468347,0.29307933300196193,-0.684710374678605,0.03317356853302389,0.12028718698640195,-0.23559336991109736,-0.4349731315114317
-0.26057037964870755,-1.0,-0.5872282719834587,-1.0,-0.7263930167331047,-0.7700481350083319,4.532509579558052
-1.0,-1.0,-1.0,-1.0,0.006515856030948619,0.14100626602443844,-7.588288060929011
0.10651536958278446,-0.3224137624257195,-0.5057389441827316,-1.0,0.5480761007703375,-1.0,3.3039710478152906
0.035306153180417965,-1.0,0.2568862908871372,0.36402779308723177,-1.0,0.3953843849516454,2.230136403419004
-0.7330414522124808,0.11083796744340002,-0.2400798712494831,0.4319822774205708,-0.07172541855142023,-0.09273836708688465,0.4074971584664068
0.18240034942573424,0.36335001079774254,-1.0,-1.0,-0.43930450550871847,0.2855214011901951,0.7685476114726868
1.0,1.0,0.15121989482453502,1.0,1.0,-1.0,1.4546175337109712
0.05046335713422323,0.7683944897110699,1.0,0.06047039947983546,0.803854688040997,0.7825944078463982,-0.759669545546424
-0.2925091458692961,-0.1766287541842219,0.40191588478605755,0.8514985387589911,-0.26143801296492386,0.029957003104164714,0.017224088751083
-0.32293304676224777,-0.6258891386523957,0.8104377489000134,-1.0,0.43389820892871545,0.004968898470223693,-0.39251653242554024
0.08756969924681876,-0.8449923982198716,0.8572996351579188,0.6877233666433947,0.20157245712170402,0.614970046194959,1.036690868909766
-0.0854702782308806,0.9196966733847194,0.29411968836084257,1.0,-0.2718011820820278,-1.0,3.410765081849202
0.32875686330475307,-0.18251778548443234,1.0,1.0,0.10530538344482203,0.3196428546304485,-2.116599911298373
0.4232738101389605,-0.44706729974658144,-0.3357388177376551,-0.6686635012833464,-1.0,0.11808853406620623,1.7281599276293191
-0.52660131245827,0.5926041718379618,-0.3826486615555096,-0.4764072963345736,0.3553619704122273,0.9778310382447151,5.254899177122958
0.9810191706541294,1.0,0.43377939305897495,0.7382751926267251,-1.0,0.47999303611727895,3.050120948225679
1.0,1.0,1.0,0.9934652833662523,0.9939681100582559,1.0,-9.795430627658792
1.0,1.0,0.5431952905597994,0.9607941374572074,-0.6807896278569344,-1.0,9.80164516829425
0.07288479295789574,0.2065453322959998,1.0,0.8370851850399625,0.8797377827196953,-1.0,-0.7550583552921869
-0.831171645189251,-0.7959957588305469,-0.3087779878443404,0.2163506111252319,0.1826655634038717,-0.23954858888414998,0.20226187898465064
0.0810967880633029,0.814188270468761,-0.4944066924830738,0.5846706467413109,-0.5147691674202554,-0.103170541976912,0.8687809820579694
1.0,1.0,0.6245140812491774,0.7832575841371725,0.11819911163741881,1.0,-1.9337843219166282
0.5474280798340057,1.0,1.0,-0.9216281169140432,0.4419041668015545,-0.5318773564537882,-3.8682471165715255
1.0,0.010797780760513076,0.5562940847192985,-0.10374616023504185,-0.8798228347969066,-0.05507827744186411,2.139425259727214
0.9041203358645841,1.0,0.828908315932846,0.3091737720688801,0.2150523640031956,-1.0,1.053136009121863
0.8246033341971918,1.0,0.20180383121290224,1.0,0.2602611029385714,0.6517605680499545,0.057120448761137865
-0.9194499309695804,-0.3239857035902213,-0.32508823391448716,-0.11644951626940811,-1.0,-1.0,-1.1517487270610811
1.0,1.0,1.0,0.22986564960457034,-1.0,-1.0,4.030401733611654
1.0,1.0,-0.19498848200991825,1.0,-0.9688824704482222,-1.0,10.579745463906159
1.0,0.0459891249218658,0.5331004294868749,1.0,-0.6612020373235719,-1.0,6.981108609484625
-1.0,1.0,-0.4337663448999391,-0.269489367274176,-1.0,1.0,4.265919171605577
-0.9640564314509894,-1.0,-1.0,-1.0,-0.20825915678263318,-0.06282180964180728,-6.686723918656841
-1.0,-0.9191426785898134,-0.1630023507648078,-0.33444634664579015,-0.9184069724236537,-1.0,2.1147570104077906
0.8502642860491717,-1.0,-0.48279213818203975,0.033821350331387945,0.09192632740782336,-0.053479450806235285,-1.6509064875708344
-0.039227730936006955,-0.9185024519984322,-1.0,-1.0,-0.5158628356984866,0.06678856791222088,-1.9754408165804789
1.0,0.8502284903767571,0.9798592033821332,-0.47149029144830207,0.8786611113236984,0.0978721503253468,-2.7385034670438766
0.215022997191595,0.596593589041144,-0.5424266367742167,-0.24654663496345255,1.0,0.2853863925907225,0.7599381718768414
-0.13229225280685097,0.6666270259109788,-0.17502886174684684,0.8676655659612686,-0.48138921037062377,-0.955082190347541,2.1277467627757667
-0.41041339900458373,-1.0,-0.3898523698145342,0.5073804730741803,0.008143389987554372,-0.7489652427434722,-0.11444499253281706
1.0,0.8796766011044601,0.8969416056270321,0.08842517136670791,0.33218950275022385,-0.5171945679151095,-0.8458839393321058
1.0,1.0,1.0,0.11634527557947738,0.1828002457571395,-1.0,-0.3366935994604052
-0.5064278282879591,-1.0,-0.3385581390657537,-1.0,-0.6820144465898268,-1.0,5.556323891017087
0.22621897260019236,-0.9506689714913679,-0.6283963001295303,-0.7328893735225102,-1.0,-0.5868300475772282,4.261877073366967
-0.6276121858820247,1.0,-0.1627481257378964,-1.0,0.09246640727047056,-0.6232480794620037,-2.206703565694045
0.23406485564957802,-0.6307735035102443,0.2906646795711919,-0.29780845112389276,-0.3829857453974177,-0.7775679891511713,3.3471699959892245
1.0,-0.5205549312925218,0.7793614284221141,-0.2030118970454971,-1.0,0.24829303768252278,5.061296427003138
-0.24700518218902123,-1.0,-0.2921176057382495,-1.0,1.0,-0.2025779178034987,1.5895797821310444
0.7404587034004335,1.0,-0.31312684173415933,0.6945864556301207,0.7203742849019091,1.0,3.3774085419909357
-0.7864713210652016,1.0,1.0,-0.823675368122513,-0.30423570274012857,0.26137467782720114,-4.3463953243691416
1.0,0.6919420626016952,0.8397006775691019,1.0,-1.0,-1.0,9.183806477935594
-0.6903559673199956,-1.0,-0.19777045799807072,-0.3597206740290213,-1.0,-0.9987459466489126,3.0261820831918276
1.0,1.0,-0.683118302059742,0.7833628335122876,-0.17264169885308506,0.7514945226551207,4.056760564632277
0.6760049680361331,0.3956335346744193,0.7289496864899054,1.0,0.15907754945645203,0.5202949587739799,-1.149325343472528
0.19607472997690079,1.0,-0.06941303924658782,0.48927630397343214,0.016506593151265125,0.6003770877846828,1.7649353712649773
-0.2807303422838274,-1.0,-0.7857024052657695,-0.9978102789032246,0.6385620410915279,0.6371213450514421,-3.0906627890217337
-1.0,-0.44899911973143947,-1.0,-0.02479093605340421,0.23196737803876477,0.3670012003348443,-0.42601042464530064
-0.09451218049702426,-1.0,-1.0,-1.0,-0.1735457922415523,-1.0,3.4188642839494587
0.12465239793248434,-1.0,-0.5028309457947102,-1.0,-0.6211796368463651,-0.07649526788533278,1.7377615268597226
1.0,1.0,0.5130735564420481,0.8472585000156994,0.23562743057797886,-1.0,4.030950828646914
-1.0,-1.0,0.041914939592302525,-0.1137530980468186,-0.12127624691952366,-0.9382998500331937,3.3158849765055765
-0.3624754259465569,-0.37368982635271153,-0.925612832027694,-0.6520796343625593,1.0,0.3069324286675257,-0.37740905371632244
-0.9186123762875946,-0.33141258627102943,-0.7716679784858433,-0.7777853056134998,-0.3852783954216767,0.5899566674202017,-0.9479348370818924
-1.0,-1.0,-0.3790758629514397,-0.47965674062946395,0.6921576200617996,1.0,1.4979289575812602
-0.00703536420286599,-0.4932071880579496,-0.6754476602885515,-1.0,0.19109324233836944,-0.08289346508633719,-1.1424649202120494
-0.6021793214144464,-0.31114781938036046,1.0,-0.13897045437997102,-1.0,-0.2516489440171741,-0.4100001036975771
0.5273325584115238,0.3913011841734989,1.0,-1.0,-1.0,-1.0,1.6345390441574212
-0.15790924454489308,-1.0,0.32490793894001935,-0.34566537686949417,-1.0,0.40066308309713267,1.3970741384501657
1.0,1.0,1.0,0.45645768949612164,0.13016663973134832,-0.7499531206845107,-1.0007315377925905
-1.0,-0.803487576332478,-1.0,0.22532727415827358,-0.6088584368818504,-1.0,2.0089673657679468
-0.7397519963268888,0.8824234655210217,0.4950219791539105,-0.8483438402646988,-1.0,0.5760769429298334,-0.8440433419883226
-1.0,-1.0,-1.0,-0.539911789088972,-0.17331032724454828,0.18905539155125456,-5.713755415605152
0.24686794640933374,-0.36876147472287757,-0.19689396128774106,-0.5314496668664206,-0.3168697565445558,-0.49394738910674507,1.7125006480120097
0.7836613709281763,-0.3163030002885485,0.6951976958864472,0.14532806343648208,0.06670721422053616,0.35015780585111467,-0.19888836935606297
1.0,1.0,0.35967880099591953,0.5140252823681501,0.052626598390172696,0.7551205585367409,-0.4675840141998592
0.01026153312529221,-1.0,0.5142798660419876,-0.4924641153236102,-0.5414492427419826,-0.4031081004304393,3.354842685652016
-1.0,-1.0,-0.6929027177614796,-1.0,1.0,0.32037826184604734,-3.003867837757598
-0.5615610977808188,-0.8428262726939735,-0.29222368086335093,-1.0,0.48743602462759916,-0.2094647859974787,0.4338995110126914
1.0,0.050157068484210976,0.6790644644566151,0.25182138240515484,-0.9939635890645994,0.12567857386582604,3.4278429792770573
-0.48118281670140806,-1.0,-0.600195560143153,-0.017542612293724336,-0.5583264797942349,-0.14934762468898732,-1.6762804987472957
0.336076148539451,0.448389222416959,0.6741378982795552,0.15970178575392469,-1.0,-0.5302755571379518,1.23097103377389
0.813714148706601,1.0,-0.8432096375120144,-0.38758620589546067,-0.41985449760275173,-0.6147013450872977,1.6443884891947862
1.0,1.0,0.3906270500517304,0.5229059383143524,0.3898892297655068,0.6893467243097514,-1.2258282168613173
0.17839657139350218,0.8766448256139697,0.22972214376928426,0.40271022052840777,0.27562318004797276,0.386052689844733,-0.9672130680294455
0.7364306628888382,-1.0,-0.27507065942437164,0.31255346950818924,0.6208109676268887,0.9120332751746836,-0.06906577301305425
-0.6661771982174893,0.3938968436149765,-1.0,-0.3792540280668196,-1.0,-1.0,-1.0693919144348674
0.21960884514200396,1.0,0.6745761687905902,0.994506301138286,1.0,0.47365831328864605,-4.600184823326652
-0.12866716811101875,0.2591359447212569,0.36405835910485196,0.5778661707471346,0.027640242842965734,-0.0987327915336661,-0.2628274086041611
0.8006337596364681,-1.0,-0.5833203121741191,0.6530180515202891,0.3881859057163091,-0.10245165520855021,-2.7434229916048154
-0.6049438044112277,-0.6501639205437625,-0.5254918772182808,-1.0,1.0,1.0,4.131103172737838
0.9389305117271788,1.0,0.2558089437020351,1.0,-0.5433874800771024,-0.5440231189590702,5.682310552803668
-0.27047457285079823,-0.8433941327187744,-1.0,-1.0,1.0,1.0,2.2691471375262013
0.3622556505274732,-1.0,0.057484496794112494,-1.0,0.756589662890964,0.11335474365917331,0.0867024208650225
-1.0,-0.9744584208745208,-1.0,-0.12638551813325272,1.0,1.0,3.471411261281017
-0.3139204686363778,-0.5371630870577483,-1.0,-0.9054780920168932,-0.6310055160415422,0.9955660306480871,4.336679905753984
0.5854095499057318,-0.700138712849164,0.9787721921536648,-1.0,0.2942688774968983,-0.7253651436787975,2.3527838325960646
-1.0,-0.7907798155374175,-0.00024599057803786906,-0.40990410905058716,-0.24945194623209072,-1.0,4.575047392958613
0.37829901116724207,0.5790008530975506,-1.0,-0.5056555118708701,0.6267036748769881,-0.4134977586979211,-1.745039695006538
0.6469431790658184,-0.7712484203323597,-0.5771446997198009,-0.379679331361785,-0.5116483248409568,-0.197667510381637,1.0306534988353402
0.7432241186078905,-0.9352911516144331,1.0,0.3139725926838205,0.7202937171033148,1.0,-2.0177990919484046
0.054688119564352156,0.7391201408124646,-1.0,-0.3003387779875397,-0.5486280004916382,1.0,8.138155853622951
0.6546505748385383,1.0,0.6289081104036954,-0.009616315695784805,-0.6996990640276999,-0.17116262401136456,-0.6433741405615017
0.0358445199443847,1.0,-1.0,0.07905407387560359,-1.0,-1.0,3.30141659148408
-0.8904630453537214,0.32055035599038945,1.0,-1.0,0.27240329881466263,-0.9360623169364509,0.6791885322782548
-1.0,-0.8990417688253064,0.6304534068215172,-0.6690222878036481,0.41008192189683723,0.4341785904016491,-0.9638451506206767
-0.5190568671330806,-1.0,-1.0,-0.5604468752129002,0.21660677739076317,1.0,0.9928617686334498
-0.5870829268628592,-0.815226680777074,-1.0,-1.0,1.0,1.0,2.3211715344020694
-0.16619831464789914,-0.7778191891342162,-0.22627402381625888,-0.7828057730696036,0.18298584689301942,-1.0,5.442410628997769
0.831844087707422,0.6482591409571843,-0.2108564087445972,-0.0001939271318284197,-0.11059878831078351,0.21919410782187287,0.1388588241728999
0.5291600163340008,0.3667778434407507,1.0,1.0,-0.3248924300865169,-0.6638175670942675,1.511170584040637
0.836759545398801,0.11549023885755227,0.04830415801210863,1.0,-0.4944737492585174,-1.0,6.5863791286754045
0.16113060942849922,1.0,0.0653997607859429,1.0,0.15558642462129446,-0.14321393185145342,0.24756628779885495
0.963891391868837,-0.4994878971016425,0.39172497713275023,0.20942980831810026,0.6443905103015211,0.7253812203519747,-0.9701508559075689
-1.0,-1.0,-0.4820559187276242,-1.0,-0.30070574584726817,0.58038608912169,-4.135917196874149
1.0,0.8269074638672769,1.0,0.06911824270902689,-0.5882731676388171,0.618175338042184,-0.03024049457874145
0.15135868588163703,0.9128986798748878,-0.27993344189242525,0.8544120831900962,-0.12000282521885952,0.49230168830986976,1.5437640312949992
-0.5391514469504246,-0.027500796028769203,-1.0,-0.2104856446600581,-0.8905723349979888,-0.3443033940906717,-2.187126662203262
0.5207695239603172,1.0,0.38399811899633346,-0.29723918018414086,-0.5609599754535328,-0.0719362489607005,-0.6487016598138856
-0.47928461868340727,1.0,1.0,0.47406657414339043,0.1270149247933815,-0.4434924442146878,-2.2387001763047025
1.0,0.4148769771562922,-0.7719013103299055,0.48363735201677405,-1.0,-1.0,6.164361417154531
-0.020506781638579996,1.0,0.8567567658976135,1.0,-0.059988475914694805,0.7973949842686563,-4.238091337737164
-0.7427277978341693,-0.04340247411697251,-0.529471551676076,-1.0,1.0,0.10345198710375714,3.7171592326148146
1.0,0.4744362543536257,1.0,0.9760055435442243,1.0,0.0692089425480431,-5.819702287199214
-1.0,-0.6425747020420685,-0.2230225003274129,-1.0,-0.3607580266169168,-0.14611314530638464,-1.0816246284300552
1.0,0.7785023326449643,-0.0031397722332634492,1.0,0.8370138367777394,-0.2699424731552871,-1.0900335958751948
0.5232398177957702,1.0,-0.47393920634465586,-0.1972434563159769,-0.6568649552468981,-0.17121709759922232,2.567244649585018
1.0,1.0,0.3082336789094775,1.0,-0.7780649377142719,0.8135373558753685,4.388318558523908
1.0,-0.25101167436357685,-0.3883442665766902,-0.06642539543348247,-0.4730090069166135,-1.0,4.9514524397909
0.4425383638362051,0.13235628264269556,-0.45740871643930214,-0.21476632937083623,-0.23223130197507813,-1.0,1.7676051935903843
0.3767441620960461,-0.0895953898372791,-0.6528099395859015,0.005456540153877643,-1.0,0.09576551448394133,0.9540348179754008
-0.07137166180917953,-0.18316589404647132,-0.5256328131107928,-1.0,1.0,0.31728036448443675,1.38739933932207
0.09032716270541874,0.31176892066544637,1.0,0.19647532674742296,-0.7354524261918951,-1.0,1.5068258771231857
-0.3861115896580142,-0.06766987078755288,-0.883482353339845,-0.5768292349796389,-0.040493925497694566,-0.1987664039976143,-0.1640912925744965
-0.6940767231451713,1.0,0.16366305020973881,-0.12398442839078955,-0.2661932056324016,-1.0,0.12627143054230622
0.9830071120349411,1.0,-0.5173674781941686,0.022409547363882232,0.016681590239907895,0.10111104983984034,0.9264820764694717
1.0,0.058833004804675904,0.19591481357691132,1.0,-0.7178611375210606,0.049177234271884085,2.2694583651567206
0.34645842877226224,-0.5337594155708205,-0.6428743381818077,1.0,0.9867316370959041,1.0,4.535140995220095
-0.08765267423984802,0.6862965286934857,0.2878043306052829,-0.2554355951817007,0.8251966203285696,0.12216644652322128,0.5885120653210102
-0.36500786014256115,0.031775759199166254,-1.0,-1.0,-1.0,-1.0,0.949926363178059
0.10565576985203529,-0.5049558072383985,-1.0,1.0,0.51418096910478,-0.4289060503578104,-1.7481618341233656
-0.16999064701619787,-0.08056987861042803,-0.9795715275443051,-0.07717005931851745,-1.0,-0.5499343638342606,-1.9500825816075025
1.0,0.4051523036826492,1.0,1.0,0.7484064090029179,1.0,-6.1480474880504055
0.032189136192504186,0.8069509311770126,1.0,1.0,-1.0,0.7902796134906293,-2.7757065887127603
0.34114520713925245,1.0,0.645881477914712,1.0,-1.0,0.5469428088739963,0.7483045977007958
-0.15061200130226632,-0.6332452290704443,-0.5819303825455717,0.5913237222211153,-0.4303528924762258,-0.8843695206548786,1.385189976781729
-0.36396025742723237,0.09513420355156607,-0.3816315429784759,0.11038188330140403,1.0,-0.7539456050365085,1.5729935412073779
-1.0,-1.0,-1.0,-1.0,-0.8508538022904684,-1.0,3.084441963368989
1.0,1.0,1.0,0.18635221868382867,0.4138004584295416,0.5797646876364791,-5.407561197735763
0.19159704152091062,0.10329314405899262,0.23871578398750182,-1.0,-1.0,-0.12644731581987373,2.7648089741495347
0.7552724522844502,1.0,0.5542187063009043,-1.0,1.0,0.9508097674056251,3.4227217814879154
-1.0,-1.0,0.8757025773897904,-1.0,-0.4085867496312491,1.0,-4.685643243252347
-1.0,-0.20889310590688148,-1.0,0.3429829901607452,-0.26143306840042435,-0.41920392026020015,-0.6337413999541347
-0.8315095761607951,-0.061588651646020454,-0.3003439615822565,-1.0,-0.13888532155187097,-0.5782475709217649,0.9378906915854448
-0.06826982082294797,-0.7702274484199384,0.27851866859540564,-0.31876097770645656,-0.9815898362687618,-1.0,5.166599880729496
0.6562734587446042,-0.12025528696491783,0.3489867388553209,0.6631754036362691,-0.09484233001262199,-0.4526620843367243,1.148821067482924
-1.0,-1.0,-1.0,-1.0,0.21930579915861137,-0.04006675581740199,-7.296407195340777
-0.9548320326304123,-0.07806917314447803,-1.0,-1.0,0.8267863325760536,0.9378514189090164,6.4444184419112585
-1.0,-0.7414064761862602,-1.0,-0.5415534532664625,0.7656655019323718,-0.27772877248430794,-2.6828727399870465
0.11475996994963922,-1.0,-0.6197786854674792,-0.5625876925093177,-0.75623357633245,-1.0,3.3306505408304736
1.0,1.0,0.7056866831110302,0.15369973748817034,0.12899456351269967,0.04901016965150329,-2.56566174320643
0.24849943998522783,0.8422745167184451,-0.284424267165884,1.0,0.16646519927408998,-0.1693906966522214,0.11258471027871603
-0.4864947999860603,-0.7352897656406466,-0.2634390754147833,1.0,-0.96531456877247,-1.0,1.8005898094911337
0.25429869618454704,-0.9473998415766207,-1.0,-0.4841805023272834,-0.7229747389571575,1.0,4.709637216250594
-1.0,-1.0,-1.0,-1.0,-0.06912673497717892,-0.009459264718113092,-6.648869080656904
0.9604181976674113,1.0,0.6893375442227769,1.0,0.8675086506895435,1.0,-5.825652380307308
-0.5747244022640317,1.0,-0.5994618240002072,0.5498203229720642,0.9741455810943244,1.0,9.059947176462492
1.0,0.6522392179165131,0.3751427583702372,0.5408893525328367,0.5761481889249908,-1.0,2.879970144722684
1.0,-0.22935099337339837,1.0,1.0,0.9445417521174226,1.0,-5.903386730679535
-0.2665422230174901,-0.3001457079200324,0.10400023461234657,0.5244023870205761,0.23458881160366163,0.2998333480025915,0.052717867393099166
-1.0,1.0,0.03958461023191395,0.8713499439910659,-0.0338058193518036,-0.8143372627876339,1.1846757550491225
0.6020262937992238,-0.2579765656966473,0.8468108266845733,-0.27190322170488557,-1.0,-1.0,5.005047513605139
0.2837208432569496,0.5493649400537804,0.9030702225697478,-0.17186493657660004,0.9650837308683167,0.4191451018384565,-2.0780342113983648
-0.2626578088319327,0.12648802702744755,-1.0,0.1478146188842615,1.0,0.45929638503014314,1.4553433472607367
-1.0,-0.5754138957886519,-0.46406826138554086,-0.050688500331679154,0.6309689467816679,-0.47079583075954023,2.696070510394762
-0.9016523254810345,-1.0,-0.09542127492025365,0.6493041014917872,0.9216059342401645,-0.47869764171744955,1.4427592551307484
1.0,0.47821979156533256,0.32341892872823563,1.0,0.5002729969885086,0.9544597769664657,0.39295298277285795
1.0,0.32017040099667327,0.22313820578656118,0.4895346422917898,0.29752122995064023,0.3562008348992819,-0.7468314554523733
0.08015248883144588,1.0,0.2650671004596131,-0.5950888247056599,0.7489820859126355,0.9784487392461174,4.9303414510315795
-0.746388551090509,1.0,-0.827457717009117,0.3726884826299705,1.0,-0.12946276748058394,3.9367840691513893
-0.3380206608178469,-0.15017908234390348,0.18448536483876343,1.0,1.0,1.0,6.317427171289463
0.22652168422203822,-0.7395346993931391,-1.0,-0.29052960372576764,0.688509964512058,0.10385482311893857,-1.4289175028675378
1.0,1.0,1.0,0.41746932115069524,-0.5115211380233774,-0.6864645828993252,2.4818792031187114
0.8640430512375967,0.18905617034038585,0.23745394311602308,-0.7120592721124948,-0.01243295400322042,-0.00889687608964812,-0.08547917303343927
0.33630438094793,1.0,0.6019605299032105,-0.7328295760548589,-1.0,-0.3909953500046819,0.5073149242332949
0.1218194028712235,-0.4849773353734939,-1.0,0.17975063539408553,1.0,0.13887630623236347,-1.73765588864569
1.0,0.46342947139181834,0.10668106369011765,1.0,0.7274336503134294,-0.9946505629367375,0.8852805020252084
-0.11571119945969788,-0.513862672162025,-0.5633879266088835,-0.9259195182270811,-1.0,0.02250649791782866,1.2190495258666534
0.8263644916160624,1.0,1.0,1.0,0.6520538889101186,0.32810628254948604,-6.876989815213948
1.0,0.6335186002074358,1.0,-0.014953218693875336,0.6952080786208936,0.5719684225451613,-3.701023016305007
1.0,-0.3737737700445694,0.21359212050800444,0.3169356632853332,1.0,-0.1899284959313421,-2.7801059544290956
0.04429748272016498,0.20315975608133852,0.8845041791689003,0.2271840574816244,-0.5249118325684801,-0.9571417973912925,2.3545759446292807
0.9393372199539414,1.0,1.0,1.0,-0.1007540068435302,0.554634531749469,-3.4677120411880007
0.07127366395839618,-0.7927718220736895,-0.20517796530831167,-0.23849575973312653,-0.42066470288660357,0.24020362150451402,-0.4349936833641506
1.0,1.0,1.0,0.6353909812248312,-1.0,-0.04623691565594834,1.9991572958432626
1.0,-0.11147574315872766,0.32137824639350443,1.0,-1.0,-0.9644511496659081,9.167042872859222
0.5644749542909167,0.25522255376018066,1.0,0.9231967853717165,0.8335721865633368,-0.6858994829776108,-1.348507319942473
0.32563721973118526,-1.0,-1.0,-0.24119605506472275,-0.05880788540643245,0.33654608870963043,-2.599948682986332
1.0,-0.8005503703504124,0.5572929142022489,-0.6623787282828149,-0.6334593582302371,0.261355373525185,3.898257944724535
-0.1348005060915882,-0.18835005963146,0.6369350697986667,1.0,-0.45349098582742564,-0.3878134063584916,0.06263683998604373
0.9824531431692756,0.5351665562186967,1.0,0.9746875624164258,0.5759063191405462,-0.9995193930177665,-1.7532397690655994
-0.9918544604904217,-0.8711936455170839,-0.5781458184012772,0.30497229868400205,0.23893446289163411,0.5148586827091055,-1.1988668883221556
-0.45242858669364105,0.9343243099264201,-0.2824361719581433,0.7492770480500316,-0.24311529215748917,-1.0,3.8569209726362876
-0.30855707638494834,-1.0,1.0,1.0,0.9910278752534181,0.7514208212101506,-0.4869050965151607
0.9367814861600606,0.45034741971309744,-1.0,-0.2828856815752336,0.8913132038641944,-0.2916223887160209,-2.568372479317456
-1.0,-0.4511266439816435,-0.17409871849824876,-1.0,-0.9190119279359504,-0.43046020529592843,0.9151330374858808
-0.3843987022120288,-0.611330036577072,0.30856643473043843,0.5950261142626925,-0.7165332492623274,-1.0,1.8187033068852667
0.7728871284038805,-0.19969021280512117,0.3076281633407808,-0.7170578956085607,0.21123546349031375,1.0,0.26313114122284853
-0.11297973833432384,-0.3160554201000896,-0.6857069665938405,-0.7856640391632077,-0.4644634565302072,-0.9055522789384239,2.4454463289171264
0.4276027372855549,0.46846486802972054,1.0,-0.12331072167793047,-0.5247040926980591,0.6208125335585184,0.04585460560827692
0.43843979192713045,-0.5184550697089999,1.0,0.39297557552381535,-0.947120050322803,-0.3456031348519072,3.26621150168079
-0.6624727585885425,0.10501032921397027,-0.8925648973999555,0.10277988609765343,-1.0,-1.0,-0.2840735728154744
1.0,-1.0,1.0,-0.0999863820705919,-0.12101560628820918,0.010468796609156505,5.15887417256214
0.7696295269506938,0.33640476143321135,-1.0,-0.9001321748999999,-1.0,1.0,10.858800499192657
0.1801406409824795,-1.0,-0.8256730277076032,-0.4177621922193826,1.0,1.0,0.9075261892155382
0.6950142158770058,-0.9308696486938174,0.17273985814778142,-0.027233021303829652,-0.26537672103541854,-1.0,5.551989649969112
1.0,-0.31443041894405077,0.8477841269152541,0.6738644902500065,-0.9397023721052592,-0.8359541258233922,7.709833108220258
1.0,0.6582068392642735,1.0,0.3955444448255647,-0.4984352657052481,-0.6118002641805657,3.366900228072685
0.37669445733503915,-1.0,-1.0,-1.0,-0.606225589930406,0.9236056490266811,4.393376544916712
-0.6999520971502591,0.12855079190687646,0.12855225782440516,0.7554026948082537,1.0,1.0,6.31334100264003
0.4382722075739631,-0.24586121935730115,1.0,-0.06291342608235095,-0.48971384531081075,1.0,-1.074536984116343
1.0,1.0,0.671143717477594,1.0,-0.495337154436222,0.722355219243968,2.201645367848201
0.1857559585159424,1.0,1.0,-1.0,1.0,1.0,0.9809936112414239
-0.6797856406028615,-1.0,-1.0,-0.37703330225351017,-0.7305512586391333,0.29875436637459396,-3.5764752295185844
0.457783777696051,-0.7155683377415182,-0.06257108211740359,0.21706231852971483,-0.14452647877268293,-1.0,2.9299284928988945
-1.0,-0.7711608693793657,-1.0,-0.49955664709860925,-0.5767198120852775,-0.17347673774056796,-3.8989402016320236
0.2842683734546081,1.0,0.8058724494345608,1.0,0.7182041985817724,-0.5769468124990864,-3.2911365217186788
1.0,0.356208147219196,0.9500171367159079,0.8293680129403374,-0.5364634303584398,-0.47128703735896926,3.7563587495949133
-0.18610948063720548,-0.5581134328918779,-0.3788792511681163,0.4486702713605528,-0.6827807366488404,-0.2086785475055402,-1.223648568949542
-1.0,-0.24851185058598757,-0.9808023923745492,-0.9219160631369638,-0.23485427879238668,-1.0,5.505953772862323
-0.3674344738698332,0.3970100878009176,0.6173395823217749,0.23470957447777374,0.3099948061538744,1.0,0.8147693255133645
-0.7372455762317092,-1.0,-0.8850699665899902,-0.7100965770632701,0.4339218774199423,-0.20619438086725522,-3.5515400296523767
-1.0,-0.02546104700429689,1.0,1.0,-0.5174964996506957,-0.6530536563904401,-0.4594448324256414
-1.0,-1.0,-0.5377744464699372,-1.0,0.9506385969247262,0.9185177303798954,0.056511678369683016
-0.16441951498793123,1.0,-0.4020656479844844,0.14914933206972114,0.9558940012060448,-0.26087494791582927,1.8640312795354483
-0.7796894664714029,-0.8388445286472399,0.7271907754862705,-0.3509869648217201,-0.3395173808989738,-0.24407097905358677,1.115176945365823
0.4429092516287428,-0.5842815472299464,0.4678862031090335,0.847059282810826,1.0,1.0,2.3686761568692307
0.26125809697875774,1.0,-0.10391201036440662,0.6393406766407632,1.0,0.4949927564414437,1.3580637664842534
-0.3577323318793014,-0.6939503817676367,-1.0,-0.13539043642123194,0.007795060588865033,0.17629453484550445,-1.2477832425651598
1.0,-0.5421217770143407,0.4836812972169573,0.9366848877471066,-1.0,-0.9818390089727138,10.978700443449151
-0.34811549219343163,-0.9348087090085633,-0.30058073168544297,-0.8462192458813599,0.03365998216285147,0.17093459287233692,-1.7080004078225688
1.0,0.28562031878218286,1.0,0.9617966282843269,0.4544224339737688,0.6402212818162838,-5.003344716953465
-0.5778409214082608,-0.8160994663439021,-0.21844075113731537,0.03923417717540634,-0.7887718646632126,0.34532051684265264,-1.641339229935241
-0.16381547647921535,1.0,1.0,0.44244462279697006,-1.0,-0.17977447800072444,-4.386324371479495
-0.5170295457631077,-0.7840417722826065,-0.9413568567556113,0.390762274454797,-0.19715272353472818,0.8720138498946071,3.0599663067173526
0.3819465146387844,-1.0,-0.7131759684062621,-0.21186777276918012,0.24437712502432157,0.4559122532635069,-1.9671206382224715
0.43153786268525374,0.7254315098047912,1.0,0.8289894755363887,0.933899013703591,1.0,-4.241131816567433
-0.8531456928176611,-0.5384450175955249,-0.3284506106941072,-1.0,0.42872893626559716,0.3672532004598248,-0.8440345646296614
-1.0,-0.24052244337904877,0.7440372080205597,-0.22633047552813146,-1.0,0.7426923678972408,-4.826182466708604
-0.5781406257287738,-1.0,-0.615601551381158,-0.25828636458851373,-0.5958260770965242,0.21161744407154492,-2.9089983780387807
0.33084093149356825,-1.0,0.37800568453532735,-0.8063147470686527,1.0,0.6612350563001133,-0.033877320375170106
-0.14750714454130853,0.7739504471980182,0.7016949214712537,-1.0,0.7163240799864705,1.0,2.1265792412329967
0.779685108684909,-0.05094513239241627,0.9393324899257353,0.9527522378669884,1.0,-0.7343838930785065,-3.086868240707484
-0.1313179535658592,-1.0,-1.0,0.4628070034864326,1.0,0.2820964825778203,-2.5767482321439346
-0.4060635094268154,-0.7637380749118112,0.33370681947470354,-0.577926780164471,-0.9996964927875907,1.0,2.070063653533832
-0.4357619113521993,-0.3333411602695894,-0.17006469611519703,1.0,-0.46353591781322623,-1.0,1.831806823052655
0.13613167895524694,1.0,0.28976842032993694,0.8104794372912404,0.6407438272994224,-0.5589968140159525,0.20857658014008384
-1.0,-0.9801015864477314,-1.0,-1.0,0.8363040513847312,-1.0,3.7696086174705465
-0.1820342861336625,0.9925425549953206,-1.0,0.46468119373425887,1.0,0.4064066263411744,3.735764653556239
-0.08692388462392969,0.2499273898502462,0.2539574424285288,-1.0,0.1466736749712304,-0.8344487332575468,1.4948124273011132
0.5181367817520193,1.0,0.5003279824194595,0.008753774288652233,-0.16946410440573723,1.0,2.573524382413522
-0.5500871451300999,-0.953598579978544,-0.10210457795081358,0.5469649286619364,0.3277989189761298,-0.8365827230817544,1.735517781617738
-1.0,-1.0,-1.0,-1.0,0.2549939246956602,0.2606652175858364,-8.369885067816014
0.54356218439914,0.6034928843392804,0.6424982426840777,0.07563679928911782,0.9301889383469331,0.3477457902291947,-2.8801904546122707
1.0,1.0,1.0,0.1303312942097088,-0.33367609461236547,0.3222813698671224,-1.8858068595978057
-1.0,-1.0,-0.9020300021143316,-0.16131738948346586,-1.0,-0.5872680369252519,-4.391663768137965
1.0,1.0,-0.37570124587188136,-0.47862250482768354,-1.0,-0.05721672097225938,4.577553312325396
-0.02690266582498415,-0.4744503778192421,0.397717701555496,0.008060797472205783,-0.8188856271765759,-0.21452813652090486,0.01814519576073681
-1.0,-0.33569351161142613,-0.0018335884809043135,-1.0,-0.09505938945037529,0.897763193780684,-0.855005019485651
-0.4171404555614877,-0.2650414621905722,-0.4511986089081978,-0.08524446153248394,-0.6811270396652913,0.6321709717368514,0.4379576040513333
0.8742794942075842,-0.23427992973421657,0.9302477414785605,0.47808907546001933,0.07567709844361903,-0.05552196148356697,0.5743658441316861
1.0,-0.5236068459666914,0.6653800203132678,-0.48631497722905004,1.0,-0.015725146247542066,-3.188493795291871
-0.9258789044414351,-0.12396035209502676,-0.6760510102352077,0.6014467756881401,-0.14485835975542802,-0.8033277737336011,1.6947517854196914
-0.7312577736365473,-0.8363384282023283,-0.8744941861536163,-1.0,0.3632265305826008,0.2199988960656436,-4.882885456557319
0.49618412059810246,0.19057954758940276,0.8747481778508985,1.0,1.0,1.0,-2.282468723211445
0.17609764007739245,-0.24786467676787294,-0.47472500149951546,-0.3229698055154713,1.0,1.0,4.731446633605021
-0.32658818059150024,0.44632052870725974,-1.0,0.4254332862749268,0.211712817748672,0.9060236705697751,6.868519795360138
0.9403910005332963,0.27142312928651113,-0.8989396791472469,1.0,-0.10390025822455717,-0.27018813456020124,0.05243547062290799
1.0,1.0,0.7474084609441081,0.14812956713026448,-0.44089301762840827,-1.0,3.5489919095328832
-1.0,0.11113435345822609,-1.0,-0.47013610858591903,-0.6615268810822632,1.0,5.637969123398239
-0.23870259223687285,-0.40202085400339516,-0.14832942710674857,-1.0,0.9446705411719536,0.5099653492568457,2.893796312337712
-0.29552053111379606,0.14150207712625573,1.0,1.0,-0.9353214266854141,-0.6275494085039582,-0.7354486269162508
0.12371095942465837,1.0,0.775960011236789,0.5543114300767344,0.7010727253210555,1.0,-1.4329740421899304
-0.7561370843674291,-1.0,-0.27914883594179485,0.8795665553942217,0.13085742938975004,0.7379736585101091,0.04862608426392297
1.0,0.010708465146182067,-0.5324156018911945,0.06018761998007159,-0.29624868109325053,-1.0,5.183564003847618
0.3956417799373202,1.0,-0.3055094480612555,-0.3846351315509941,0.4931739432807163,1.0,6.389780883374288
-0.9925792744744728,-1.0,-0.5082334286346994,-0.22481083333830948,-0.21891881342218888,0.14583160395315423,-3.8745852908380702
-1.0,-0.9968823711524839,-1.0,0.3330134334288981,0.7886815608319704,0.3469897888713258,-4.080421226078103
0.20787471973497068,0.7611200796466935,1.0,-0.6277119154232325,0.013610864562639047,0.7347622451207876,-1.3858633578122184
0.2891790855248155,0.3931992426433948,1.0,0.43847708585716316,0.6670536821759097,0.21539324237095386,-2.040209956301173
0.7303740169639332,0.27980555398829177,1.0,-0.28960043302259325,0.7336259764381995,-1.0,0.18780622713318285
1.0,0.49675055951408487,1.0,0.24214834066569635,0.09937176320237812,0.3978740469427422,0.41596140235880075
1.0,1.0,0.2823257410409644,-0.047855202951067155,0.1559744755197462,0.014814732370250994,-0.7382735572610803
-1.0,0.018087782691103615,-0.3479367674538524,1.0,-0.2848170043785798,-0.48359901277542366,0.07775634562033101
-0.22917725184712245,1.0,0.3845858116868285,-0.9001241237325318,1.0,1.0,6.641396586231691
1.0,-0.7132151366697695,0.18355382609384763,1.0,0.7926034563449087,1.0,1.8060749224592116
1.0,0.5349678431649274,1.0,1.0,0.8019661898967615,0.09779811929874616,-5.809191010655698
-0.9769028707636074,-1.0,-1.0,-1.0,-0.7402250773044836,0.772356455056471,-1.6427528063736365
0.34445937799619175,-0.8581398753414705,-0.8556067932256748,-1.0,1.0,0.4593278567688064,-2.8521991327198193
0.4249900418088084,-0.75618434123396,1.0,-0.5556531368328759,0.2921987990549668,1.0,-3.6195627935636883
0.835683293882608,-1.0,-0.32745449514766695,-0.819574937599018,-0.09279130577344208,0.2833877711142734,0.211273140189498
0.8094094477048286,0.7555430401606154,0.8792056931940215,1.0,0.8935268104716836,0.3156311534323191,-6.505721402294627
1.0,1.0,1.0,0.2017165600660702,-0.8125108627020753,0.5756755080250735,-0.0991885408322207
0.6916109574928027,1.0,1.0,1.0,-0.5326048219518498,0.18634502211080073,-0.7291612350624841
-1.0,0.08214284896580648,-0.6635990965031747,0.9452701439659701,-1.0,0.10974511909635193,-2.2498403353871264
-0.5249548896414684,-0.08089045022654218,-0.7379733679447009,-1.0,-0.10898665048048184,-0.8082171249102852,0.5352743954304873
-0.7885452766667675,-0.8009792953642587,-0.5490395433386637,-0.6503231295052698,-0.6831497190085574,-1.0,2.5982173802542885
0.8208040884647914,1.0,0.8345300385549612,0.16096497220229744,-1.0,-0.9444876884987204,3.8636203353424934
-0.7599359145144289,-1.0,0.4119299119453947,-1.0,-1.0,-1.0,7.458966451160452
-1.0,-0.0722431753693824,-1.0,-0.1656235571528858,0.5893054273230243,-0.0277845501528749,0.2849346504272219
-0.945549071536632,-1.0,-0.6405813965184943,-1.0,-1.0,-1.0,5.459415227953906
-0.09030061728534165,-0.42540764358238636,0.01824771250308399,1.0,0.7325619498907326,-0.8781417929598861,1.061203581093519
-0.2177730465785891,0.11319928122270151,-0.32541951845258044,-0.24352563595084867,-0.4984020292889996,-0.3205823665432896,0.29478329909987855
0.7180999397621051,0.5396222692359252,0.5767684590915727,1.0,0.3805534660021912,-0.8571154252655703,1.6745668808025136
-0.22330847120372432,-1.0,-0.9846737280422001,-0.4182803582677068,-0.8154629508313187,-0.1869960544625282,-2.2324020641425917
-0.8844395337012897,0.4293318968084003,0.8559399713741839,-1.0,-1.0,1.0,-0.6670393956192622
0.6071704469211144,-0.4865428179624685,1.0,-0.47173060728654637,-0.20390560984637307,0.7973641440999217,-1.870995483344363
0.2656472243012905,-0.85497666686672,-1.0,0.7525744918582764,-0.2959140204997014,-1.0,1.4392406697899025
-0.8133835822180275,-0.04750400871404703,-0.8658280127936973,-1.0,0.27279670720037097,0.12829477667270817,-0.8084990495876678
-0.27879669711642263,0.6816214894580302,0.1589896489952789,-1.0,-0.5245389810645295,-0.2673074697782242,-0.2566526776757431
0.04817414691340896,-0.05067620338288642,0.7573395225785957,-0.048564832975469985,1.0,0.905624356931019,0.4805192932271353
-0.02916819403827886,-0.18455896898732194,-0.39682321589777053,0.5831686891280059,1.0,0.304661096370992,0.3627580921568504
1.0,0.6060370069688881,0.5495566897347126,1.0,-0.6180963004013076,-0.8791963507692322,6.638105512614063
1.0,-0.016537286817384755,-0.03624451173372495,0.6271346676449591,-0.4455014874042813,-0.6289820174203162,2.4305479875156752
0.33044830474437326,-1.0,-0.4872592010274934,-1.0,0.1693773263708599,-0.7746616080906233,2.6931478101884183
-1.0,0.19182570682730876,0.3568432975983403,-0.2715952813709107,-1.0,0.5422521632861379,-3.619421528974347
-1.0,-1.0,-1.0,-0.16557635323215436,0.7742006351858369,-0.08216539010510954,-4.491767634645122
-0.9036252246884766,0.25686827697172165,-0.13392682841498782,0.43643868943193176,-0.19126513605671924,-0.2316268275504565,0.08110356113473027
1.0,-1.0,-0.06920266686946946,-0.3951342043416737,-1.0,-1.0,11.99161491876739
0.7172667240116348,1.0,0.5115827359651461,0.4236043712585963,0.3978068970790538,0.4460281651156739,-2.0926866909983928
-0.8576415232112986,-1.0,-1.0,-1.0,-1.0,-1.0,4.885607906437001
1.0,-0.2454818169774724,1.0,-0.049031648576001896,-0.04163302816068093,-0.5937038666994714,2.7348634224579698
1.0,1.0,1.0,1.0,0.09328132638725639,-0.41889604949787995,-1.1945019342762144
1.0,1.0,0.373200230079587,-0.7626568775860374,0.5406529273652143,-0.10482232618873966,-1.9491621368872838
-0.8978934840003725,-0.04643735937645749,-1.0,0.7228059532927245,0.7425102764673006,1.0,8.904327036493944
0.3216465992873423,0.9028144140480208,-0.12124615441881981,0.5547547179033935,-0.27940152390376766,-0.42699092176867615,1.7047215918107046
-1.0,-0.2727209137574802,-1.0,-1.0,0.3502626282544514,0.16456719973165446,-2.044200023388869
-0.31821037695053755,0.4171490017854784,1.0,1.0,-0.2738792329717551,0.09706372232362648,-1.7294850549637075
0.48402621217414776,0.8281462113011948,-0.26666775901642564,-0.8137517611564177,-0.46763223285069344,-0.6248355799737311,1.4692251835844568
-0.8153373554386755,-0.33401389466904235,-0.48779476707539127,-1.0,-0.3898234200602577,0.4931915147492781,-0.9108677001724615
0.13846921189574246,-0.18623308391186277,0.22333643114570745,0.15586364928915103,-0.11648950876083947,1.0,2.8754436141634607
1.0,1.0,1.0,0.39883015797333,-1.0,-1.0,4.145577931280729
-0.4577063635452918,0.15014083444951853,0.9359115981805372,0.8379292459802926,0.0997919030392705,0.824991634211882,-2.095160954413776
0.4866278630658468,0.05094000821499223,0.8617083381409733,-0.07427687350032955,-1.0,-0.37166009562083757,1.5767069406093015
-0.646837668664135,-1.0,-0.1695801225626017,-1.0,-0.15388755290545364,-0.1277948469250071,0.035004385324756804
1.0,1.0,0.7104253053581622,0.8606010940522473,-0.24546582176124843,0.9905909644511317,-0.3758961872865749
-0.32396845053117196,0.0009312439216344615,1.0,1.0,1.0,-0.27975968847496224,-1.1560000656053446
0.9592994441014262,0.8136540006061006,0.547480922462112,0.24161542052677265,-1.0,-0.05624916382690481,2.537630833592757
-1.0,-0.4137648733781074,-1.0,-1.0,-0.009963975115887314,-0.4254658210988728,-0.5636210072110033
0.3770900930938369,0.11629482266936397,0.5735676336725232,1.0,0.2271940361731346,-1.0,2.570455285304702
-1.0,-1.0,-1.0,-0.6725528225744692,-1.0,-1.0,3.06885190446952
0.114713019289165,0.11991325586084167,0.9802935841983417,0.8440897364045069,-0.10098945291998773,0.83792471146773,-1.8402595837337261
1.0,0.4680173065623272,0.04733808235695025,1.0,-0.48357170598298704,-0.7477150865454563,4.533990055986658
-1.0,-0.2762093332276868,-1.0,-1.0,0.5760338774296333,-0.07681688848512991,-1.5849633000964358
-0.5941007652366126,0.18006880935582018,-0.11624228364233474,0.22925070208362314,-0.5225857607724187,-0.5330402565233597,0.3269711821315163
-0.3662015751527679,-0.8243117050776172,-0.5239130721368296,-0.8132816910446278,0.22189187230242402,-0.196618718315563,-1.1106432159734876
0.9751576764007468,-0.016989322155554154,0.7110784374612782,0.3596152309829297,0.6835459947720529,0.890008438895986,-2.2637889269961566
0.6124044574093053,0.8067753833440775,0.06664993108242767,0.6834282246841905,-1.0,-1.0,6.49873171919905
1.0,-0.17593004687132063,0.3456205808415519,1.0,1.0,-1.0,-0.14332564350906002
-1.0,0.039629091750711595,0.6019995548075315,-0.9787786023901845,1.0,1.0,4.046369461126248
1.0,-0.22472630681824363,1.0,1.0,-0.016320058608709852,-0.3066257810661696,-0.16580422594980715
0.5741755704634466,0.02903437470157233,0.9782727698661029,0.5258841357514317,-1.0,-0.048149645596568424,1.7900093583885637
-0.18890270856781843,-0.024387436027233034,-0.33439664857102147,-0.08711422664276625,-0.674721733251125,-0.030083605447742023,-0.06847309602601576
-0.029223898030979883,-0.8328409998559005,0.37633923771115557,-0.17445424102865648,-1.0,-0.628221892059664,4.277859742136758
-1.0,-0.9105076514572071,-1.0,-0.3774897205777088,1.0,0.027502660689310537,-5.553335727210255
-0.4543665137175127,0.7437086352500628,0.8602434796989755,1.0,1.0,0.2776663638107335,-3.659011530305028
-1.0,0.7217689035343907,-0.5927794019375088,-1.0,0.2788563139766461,-0.14048150475319765,-0.535433976809167
0.636941315438026,-0.9847686113640179,0.2272105301868126,0.19718456457611894,-1.0,0.24959488100145788,3.3158609581607936
-1.0,-0.2182712830171697,0.32887250328462436,-0.8037593284414473,0.749818283157124,1.0,2.8620222648542186
-0.4687150047280805,0.33585072941062055,-0.10188770312043594,-0.6835673763927852,0.702448461105248,-0.18663904751437976,1.4991199899439112
0.23207110097300765,-0.24694911893616991,-0.23349282159063448,0.7425065951933336,-0.6759233024154302,0.11866044264312303,-0.5171156970514569
0.4358844535839461,0.053166494059591285,0.9698809996450395,0.3669550635880756,-0.06341301288224754,0.1602301850413521,0.3423848629637457
-0.4589155782613819,-1.0,-0.5379063330384908,0.953463876247362,-0.6644607844802908,-1.0,-1.4163352958553352
0.3723080214465967,-0.5182901791213133,0.16585802426495627,-1.0,0.9866751578747979,1.0,0.897031079153588
1.0,0.3311162647548871,0.5619107182963003,0.6066062129270953,-0.20197474183276853,-1.0,6.288198596646061
0.343972424161431,1.0,0.5699316527142749,-0.02418601515333707,-0.442249840097936,-0.3507886333514748,0.11157578703703219
0.01638307884960266,0.559715452137888,0.7531796043953598,1.0,-1.0,0.3259642517563376,-0.28336540958790246
0.7013327793243584,0.3719380114285634,1.0,0.33905891043256564,0.6297251227981451,0.5761791941656319,-2.675752895159096
-0.5671125238230909,0.6212618685224307,0.3286649985772692,0.7904767207791015,0.7310766641269575,0.6358054181322677,1.859281900718186
1.0,1.0,1.0,1.0,0.5176615114852863,1.0,-8.990930999593507
-1.0,-1.0,-0.037962809819983345,-1.0,-0.641208220043482,-0.37070203608027336,1.4600512614792533
0.7167503685682488,0.5226591150383344,0.5286587707389991,-0.3735400952377831,-1.0,-0.350386034590614,2.407575568139953
-1.0,-0.22427275278164105,0.12008097632600911,-0.18807000464331503,-1.0,-1.0,-1.545882625265507
1.0,1.0,0.8586996670842071,1.0,1.0,0.25788546551823344,-7.930295491663937
1.0,1.0,0.3091253480392213,0.17464116414428865,0.9070694415871869,0.1674699660236737,-2.554481682500692
0.25538178027733727,-0.7074522683596411,-0.13447864294808853,1.0,1.0,-0.4686243022824874,-1.3780631845739404
-0.13675231956161427,-0.114681691622047,0.16018727183207482,-1.0,0.37101528918519056,-0.36729530477166844,1.687591723292952
0.24620281702732483,-0.10335031445770126,-0.14809149274196698,0.6432801314156507,-1.0,-0.2553127373750219,0.6710826868525237
0.09094050365591921,1.0,-0.7887805031594848,-0.46509119712471503,-0.5080133969757898,-0.28769730780563996,1.81687835639975
-0.651606547525633,-1.0,-0.7319342418089216,-0.04359751059287098,0.19321656173535207,-0.5830817879495473,-0.6524159146369373
0.8459108200234988,0.33261026725822274,1.0,1.0,0.428273024869848,0.7141856526851907,-4.485876487662076
0.6456794726881592,1.0,0.9426270501747933,0.3273678716382875,0.3020742773834968,0.7718500319159826,-4.591723791951663
-0.5672486746859,0.6853234076266272,0.38069359033943306,0.399145955568617,0.48798678067765217,0.9020772043276114,1.2491871359067217
0.4869028152868667,0.17701945719457113,0.5383468602044275,-0.34258315826513336,-0.687415626207085,-0.006346700002233918,1.3960621296118456
0.09884418124284816,-0.27240316409058063,-0.8156959287302752,-0.23772403099838102,-1.0,1.0,6.15075999511139
-0.8953765361489121,-0.6617669113585847,-0.723119856424127,-0.8083796726142051,-1.0,-0.607352047286349,0.48530879130477983
0.11766497207021541,0.45960263249964284,-0.8106499054928997,0.24587636141130265,-1.0,-0.15419637979962686,0.14610116526408706
-0.7807666210302677,-1.0,-0.3199644876800687,-1.0,0.6311924697681214,0.5625909649285625,-2.581343457367451
1.0,1.0,1.0,0.6531544417441635,-0.7098420093837672,-0.325327133186895,3.0462468913746035
-0.5620456183248388,-0.7728793036425438,-1.0,-0.4407962740620045,-0.24022338145547772,-1.0,4.430297817117013
-0.5281742577892996,0.8591038386531955,-0.6976473924175355,-1.0,1.0,0.40218628977756166,4.793527650643141
0.6591960475666845,-0.8118882389228612,-1.0,0.14071703716074258,1.0,0.5620942177220722,-2.4309954591137988
-0.12329942545801897,0.08782624486953478,-0.7657110633469684,-0.9482215714422575,-0.3488926307458138,-0.053618743520746026,-1.798598224417346
-0.44615702657596923,-0.37674634028142606,-0.9105739820723833,-1.0,-1.0,-1.0,2.445800065956469
0.11153619344789589,0.9859661065654037,-0.1932574750467312,-0.3030951404092327,0.6451042974405015,-0.0032228388159720733,0.9047073540616125
0.41120593809264716,1.0,-1.0,0.3206483552453966,0.8424156967467242,0.6071692334838739,4.721146242105492
0.7115306713073817,0.005103088882143614,1.0,0.053784229936407635,0.5833729682417432,-0.12365403040245676,-0.7596293343236954
0.8259360596905789,1.0,0.9098600555259304,0.8576346877216878,0.5387543130495231,0.848128155907287,-6.056186666144411
0.3930604200346923,-1.0,0.7427476973233084,0.6755283553063258,0.1679350490610998,0.769218546065274,2.0601730463266765
-1.0,-0.23718708026415802,-0.7916453604835054,-1.0,-0.771863180308443,-1.0,2.063858519702029
0.4852258306624849,0.3281778254601795,0.2601234287231733,0.445648006898188,-1.0,0.4596626359567242,2.5103727608243687
-0.03733397885331949,-0.18308833122979656,-0.9362035739597849,-0.5855016244676108,0.6204977909025973,-1.0,3.200927300633684
1.0,-0.1396241977165253,1.0,0.013761793998666616,-1.0,-1.0,7.329364315534477
0.05996727900278087,-0.3023687163971863,-1.0,-0.12315459858352557,-1.0,-0.338875371134415,-0.9183734255855829
-0.3271109731244083,-1.0,0.6420918674582827,0.35262732118089796,-0.5635613186605422,-0.9857898868068293,3.841580800567617
0.6829861536204052,-0.5589476624036218,-0.08000797573747948,-0.48135993762992313,0.34766764779611337,1.0,0.6659498855863245
-0.3047876624222906,1.0,0.5771871619108981,0.3527611143179967,-0.45929327819639587,-1.0,0.9775264528000506
0.14019365539972412,0.7858804186647951,-1.0,-0.9584246480061147,-1.0,-0.030910842152889972,2.157535732468167
-0.2231538259341832,-1.0,-0.2958199228013112,-1.0,0.3794444924024639,-1.0,5.825497658610492
0.3771809110744311,-0.12991780345863171,1.0,0.26307818094148216,-1.0,-0.4870357656614318,3.5791357574654157
1.0,1.0,0.9546265390612947,0.2045870218287904,0.8035211270326403,-0.6636356326125347,-3.5597848265022547
-0.37084060119671036,0.8460197646364844,-0.6432111987402409,0.32458813362042305,0.7243603695493274,0.2543231323266171,3.364205066425239
-0.34689658707759596,-0.9934780414960327,-0.005126516733858222,-0.2884942751314814,-1.0,-0.25368662629147054,1.847232114275374
0.5243748381944717,0.9613107900052593,0.915965473749446,-0.9685080264508291,0.511583893923619,0.40852469812174175,-2.751642175317386
-1.0,-1.0,-1.0,-1.0,-0.9344034676295041,-1.0,4.231307427576405
-0.778027480484297,-1.0,-0.5382023631904729,-0.9812955853752097,-1.0,0.8509757566173357,0.5820087261160588
0.21036566565591663,-0.5008151171143067,0.4141670375654962,-0.7889656483027963,0.030385955243659835,-0.08521790336364049,0.23520745710829913
0.075138389255936,0.8510539577432031,0.5747599710810468,-0.3505567593587503,-0.15293293595052246,1.0,2.1964441549628893
-0.058519735531446404,-0.8680489619750182,-0.9832537596987616,-1.0,-0.17332523899022145,-0.4446261184189773,-2.2889822743997774
0.06741399570262363,0.3477617247929039,1.0,0.6994370386097672,-0.09176536581156813,0.29349053417122195,-1.1667492176876602
-1.0,-1.0,-1.0,-1.0,-1.0,-0.3416003168692707,-1.9323572416025563
-0.6003125401628909,-0.6320252925414899,1.0,0.9968438698706688,0.13930990868642706,-1.0,1.2538961276599605
-0.5180852909750113,-0.7889595587749787,0.1313968337277025,0.08084091961087836,-0.09360951296316944,-1.0,4.137662899812382
0.29192271879204695,-0.04357606864745864,1.0,0.7250283401867303,-0.6494893693841621,0.9231532240952086,-1.0071943778805332
0.638857266949653,1.0,1.0,-0.4136550150156304,1.0,-0.3733136463618085,-3.537409094703126
0.5443431215562298,0.9703020598874107,0.832157077380878,-0.028385891758998083,-1.0,-0.8425487211439887,-0.12518425474168715
-0.604732670294013,-1.0,-0.37559153818380264,-0.5207410098234202,-0.12586127029974586,0.28333599157933376,-1.3475518098542563
0.5377774045652507,0.7464838068361391,0.5224850835834058,1.0,0.8384042937505063,1.0,-0.9002407369185603
-0.14433331383888515,-0.8986817738182639,-1.0,-0.13296876435375277,1.0,1.0,4.141417082074963
-0.6085612629484383,-1.0,-0.022876686295953963,-1.0,0.009309543850599233,-0.42622413020720346,0.7717539872527514
0.4586643318273079,-0.6455423959884716,-0.9836786108065037,-0.4477843363209502,1.0,0.07906400412773756,-1.9184728542473644
-0.27430675091291645,1.0,0.5075821202236821,-0.6642339638733008,0.24642673616580013,-0.26321045398858445,-0.6848822043875491
-1.0,-0.7481628791262548,-1.0,-1.0,0.9626576859751831,-0.904891783894018,3.443321032795778
-0.6210765215674953,0.3773736115990046,-0.5529511773160887,-0.5373754001139862,-0.6796027341311472,-0.0020141894825320694,-2.141314290386619
1.0,1.0,0.4270653516173527,1.0,0.6221834562625018,1.0,-2.886577110953869
-0.30640179948275703,0.9347602641464768,-0.5049060065114854,-0.7565927150123868,-0.15037548442160348,-1.0,1.1830253026753088
1.0,0.781449046054336,0.05037315880306148,1.0,0.9990973114111745,-0.9582489597246453,0.4979876383305752
-0.013918341743275484,0.020468552084505487,-0.13578704404898467,-1.0,-0.5148680840012443,-1.0,1.7304206894439569
0.49128603296581486,0.4616977846680833,-0.24281507326110896,-1.0,-0.5438627886365507,-0.5523847330808107,1.9805735024173374
-0.5519199429747165,-0.39647279559955706,-0.3444144024005027,0.26773254913753886,1.0,1.0,6.307470210247821
0.05966543406376412,0.2910784957264625,0.42313087111533165,0.4925254254771476,-0.6939415219281143,-0.49322181639888885,0.011484283708291687
1.0,0.22273083917843284,1.0,0.5746352723436641,1.0,0.3903810077220513,-5.1244450627558145
0.9345816507711232,0.47484233830768163,-0.1963834236149513,0.974152891164098,-1.0,-0.5626631058852634,4.546011031168904
0.7816473324994254,1.0,0.9378236132490484,0.3157553080858667,-0.01960367328531737,1.0,-2.989091457209397
1.0,0.4878477574102584,1.0,-0.10728811057201282,-1.0,-1.0,5.438552701608814
0.12789219773351,-0.3001453910436189,-1.0,-1.0,-1.0,-0.14128786618877598,0.6386850603250569
-0.18058707589771478,-0.30728801214457196,0.9101667235870295,1.0,-1.0,-0.3230333346840558,-1.0126218549137365
0.9540264481939125,1.0,0.24858571474085012,1.0,0.5282210166968886,-0.8542317992965638,2.584279940303816
0.3241791459534107,1.0,0.43549004540041536,1.0,0.5777629788289647,0.40680163420153037,-2.4936555795325317
-0.10400730382456946,-0.24074537753158776,-0.026227744146951334,-0.7850320745402897,-0.6066751889015557,0.24360253748792904,0.44826458029574656
-0.40406440962917245,-0.6541560079997069,-0.009623537376082902,-0.5926480812465926,-1.0,0.37949884216470087,0.20978595943626593
1.0,0.4158000118054268,1.0,1.0,0.2624734917149645,1.0,-5.299290677339882
0.4666393953118706,0.29463877954843565,-0.1661424416220132,0.2804786365382027,-0.5025638475235131,0.006030325555983984,0.0957435855448534
-0.4773668198588271,-1.0,-0.5427837843348946,-1.0,-0.04531794145210305,0.5506236683197822,-2.807564570112935
-0.9361412535260532,-0.9247928261549969,-0.6918682527309729,-1.0,1.0,1.0,0.37038718420207106
-0.7608396400090698,-0.08009546977345194,-0.028104872141959225,-0.517232062571265,0.9083978575693163,0.14092273145748946,2.2460548966728333
-1.0,-0.5810232304446075,0.38466431060825584,-0.9617490325682082,-1.0,-0.6055115950065846,2.5306890042755206
-0.6867709627020456,-0.07587593404287729,-0.3559819868488661,0.24020244731939233,-0.7656468262909819,-0.9754982388627258,0.3812747356424454
1.0,0.05247738201952923,0.18025116735927166,-0.8183335928370303,0.6364782993628093,0.9737804708530159,0.8760524857758432
0.9012945599437561,1.0,0.47033160067981394,0.9248248626745772,1.0,0.985190077341971,-3.278564195090719
-1.0,-0.3917869973990693,0.34625041493421604,-0.4820177984119837,-0.5906137531637068,-0.008253341382023938,-0.7566928125874867
0.2821263675538429,1.0,0.381902466374232,-0.9941186605357852,0.23917611648216064,1.0,3.20630631294724
-0.278773638242764,-0.21938478561214303,-1.0,0.9128805535510067,-0.7750397980559007,-1.0,0.49126678185030304
-1.0,-0.46101243828000893,-1.0,-0.01837144853548711,-1.0,-1.0,0.9162480639155605
0.41492574902092194,1.0,0.009800928887934157,0.7651770324915612,0.6402196379503237,-0.6328025467441737,-0.09092817833784178
-1.0,-0.091570985470798,-0.9420957904442784,-1.0,0.04379335331402823,-0.7397718219081828,0.6434245451614095
-1.0,-0.7388868611956061,-1.0,-0.45506376623532363,-1.0,-0.42591376366181577,-1.8870804764244689
0.6322528544614185,-0.8626223841919312,-0.5241530162226169,0.9603409821067986,0.7338543811835574,1.0,2.415936925334252
1.0,0.34861428661596494,1.0,0.6217930873639075,-1.0,-0.5676397204424476,6.131475322633893
1.0,1.0,-0.9274200656463294,-0.7148827745233578,1.0,-0.21313968915511672,-0.1609135967946559
-1.0,-0.21520117859609456,-0.23402553378932445,-0.7021811739585706,-1.0,-1.0,-0.5514706661742339
-1.0,-1.0,-1.0,-0.563511907186385,-1.0,-0.8707403737590862,0.7371590056163292
-0.8082585088319034,-1.0,0.37586991604773456,0.3301500375418902,-0.14518727203694248,-1.0,4.545315379409829
-0.018747820933349146,-1.0,-0.09684823549000598,-0.6721980018320812,-0.5966631888722025,1.0,3.0001145385475736
-0.3710857560508336,-0.715431971457198,-0.0719111386342346,-0.039064771681804,-0.11878564553031767,0.33459523668511393,-1.2902082576812908
-0.24562398105516814,-0.638746216552913,-0.9327662284217708,-1.0,-1.0,-0.2758462122654579,1.298368693182215
-0.20302550404334843,-1.0,-1.0,-0.8935644352829272,-0.27193218870463354,-1.0,3.4090595105704207
-1.0,-1.0,-0.812987454206058,-1.0,-1.0,-1.0,4.4273968294724195
-0.5581904677699331,-0.0631359621298368,-0.0894743180448313,-1.0,1.0,1.0,6.08256057538149
-0.6429944384139661,-1.0,-1.0,-1.0,0.1701567263943894,-0.8887162707971787,1.187040485622715
-0.8369258432809297,-0.5152484800440287,-1.0,-0.172879584248111,0.44060574452113976,-0.6621737497643191,1.8377924436141257
0.12089256706691398,1.0,-0.37742623591159785,0.7460864187518058,-0.9854224884935573,-1.0,4.619035112058891
-1.0,-1.0,-0.7551451455743649,0.5580426900550379,-0.44803088494887766,-0.9844212621588406,0.10540204451282764
-0.06694974523882102,-0.560343274642329,0.09926308214937363,0.22772696221876115,-0.10919012970513742,1.0,3.284093516156962
0.7118246431559223,-0.6975150669853044,0.3239780340127101,-0.459476203075444,-0.10932742659707761,-1.0,5.77666669217612
0.9941840655499357,0.8406877094988587,1.0,-0.39125942446640155,-0.8825450346707987,-0.06944348646426857,2.459149120100164
-0.6098642182351759,-0.3513324351477192,0.4928595696953794,-1.0,1.0,-1.0,6.974528293220306
0.1915758855862687,0.09516299785809995,-0.9445262968647525,-0.5723250345094157,1.0,0.06529699353145531,-0.8914497981897136
1.0,0.651062671741565,0.06048455164645261,1.0,-0.44250133743372994,0.5359859949766987,2.5472636159838373
-0.5324755465208657,-0.3918093252973254,-0.09292983578936242,-0.7963477033030354,-0.41901375190232004,-1.0,2.9248031769696197
-0.5310878894975991,-1.0,-0.6269074822405534,-0.07155912965011102,-0.23178453171470806,-0.18359457354315467,-1.7842669645646232
-0.5238353085002474,-1.0,-0.2921516618155684,0.2944151596178239,-1.0,-0.16908240666054808,-0.7468125808856954
-0.325825906185801,-0.08239777182999503,-0.3826208738289678,-0.5262863331084439,-1.0,0.2812651473784711,-0.39205696214390207
-0.04273420477422339,0.28968915324926353,0.03599076814043063,0.989951128863375,0.634595101021736,-0.5554239244503836,0.8895579729910856
-0.6006792004376059,0.8154834831071844,0.012346868601856853,0.8033877076567217,0.8535732318896311,-1.0,3.4231586509841714
1.0,1.0,0.22517965610830337,0.3284755189166464,-0.20389979557370186,-0.9657881015131121,4.299751936262161
-1.0,-0.984176298762178,-0.7780241445275746,-0.16884631288724516,-1.0,-0.7743463768600425,-1.6818404714408262
-0.08185440086966422,0.415266040401778,-0.7745667597315813,-0.15755364930388738,0.6292415486707281,-0.33908262093158537,0.3655793523043897
-0.6408336643988517,-0.09749495205918057,-0.5482019829351501,-0.3353599249144623,-0.5790365547286809,-1.0,1.2055232320712965
0.8429944100953698,0.19795025832279817,-0.4664580550596973,-0.19779827456645555,1.0,-1.0,-1.084866265464179
1.0,-0.025247367231606477,-0.7144183626530172,1.0,0.33039582726206695,0.6423251679140316,-0.4952262837825393
-0.9491165652989875,0.45924055185552903,0.8449802059926024,0.7338176982021909,0.37109510477238805,0.9475329990115197,-1.7587599611635316
-0.22380803228818247,-1.0,-1.0,-1.0,-1.0,0.2383012732837865,0.338058576599524
0.3733772015242329,-0.24367420457631883,1.0,-0.09227498727588379,-0.8379639729822763,0.3927272999212804,0.2278386880698806
1.0,0.041100020500459244,1.0,0.20798327667217542,0.7564995303049529,-0.5023406414057273,-1.3615078498423117
-0.41586727268001394,-0.17405931534608976,1.0,0.34813209258707467,-1.0,-1.0,-0.8779835266592536
-1.0,-0.18673541561768492,-0.8994572211063947,-0.8913842032150292,-0.2762271754831608,-1.0,4.123073284301092
1.0,1.0,0.8413143257163658,1.0,1.0,0.42011550623454463,-8.196985851393528
-0.9793746130917402,-1.0,-1.0,-0.9044806328073074,-0.9840400197085877,-0.25213537443074885,-2.7714551051898226
-0.021243978438390987,1.0,0.4168080056919733,0.6092315047134356,0.12741773120649313,0.37516357636537284,-0.9410414086682342
-0.25927637531846925,0.9144455303730504,-0.30298102373254343,1.0,-1.0,-0.5086089967615175,2.8894607666011747
-0.8850155293965837,-0.04616521637611615,-1.0,0.48744998939666184,-0.3876978942223366,-1.0,4.399553362536749
1.0,-0.2308542549633803,1.0,0.9688854188292233,-0.8030480149122645,0.058316125923508544,2.938978447312836
1.0,0.9931439868182275,0.022271493702681555,1.0,0.0037179231899921034,1.0,2.548459414818405
-0.33609146617778507,-1.0,-0.5454521188196448,-0.364986480486057,-0.1448830992859209,-1.0,3.2739498270136136
0.2400480540523855,-0.6573398937543575,0.6596049519094378,0.6210724890144539,-1.0,-0.294806261720157,2.6837431646175425
-0.5038248190757606,-0.052947223587176406,-1.0,0.14550503717184293,-0.41235288652818963,0.5198394235745176,0.48793725204205074
-1.0,0.2874368870739907,-1.0,-1.0,0.1910991218506971,0.24264441321915825,-1.3635504047101943
0.7944606246700211,0.19356508427604957,-0.8510559379375261,0.06290792456119343,0.09708996946528764,0.8099021934639729,1.8182400793596256
0.025531534605237508,0.4305030135921244,-0.4246274800371938,0.7089190075898304,-1.0,-0.5878453563168544,-0.19900699630438023
0.8981626805410459,-0.24336537867903096,0.5302431013086539,-0.7476534808033304,-0.7543826115626275,-0.10523307736539886,2.4076578849151
0.2841029267846973,-1.0,-0.26754371069780647,-0.5550716893492652,-1.0,-0.6071752608345546,4.881151585727649
0.41835099404586207,0.23609832864601177,0.5083729837118502,0.9013889434691766,-0.8866884003701123,0.0020834741010036517,0.984901394440132
-0.19036095221524096,0.18118405467389506,-0.6614745523716893,0.009320181557114199,-0.6388203271320261,-0.748643218410542,0.7013589336697666
-1.0,-1.0,0.031564652451284925,0.33985617555037867,1.0,0.19313952101945908,2.128616585859509
-0.7509737946311286,0.8427317615699698,-0.0723260479446759,0.08627701757127446,0.8353869165851018,-0.013799955840732792,1.9607324149458183
0.12087519101693883,1.0,0.3914985882419666,0.6146394153705781,1.0,-0.10790722583319329,-0.9158880477744298
-0.38056323783297064,-0.36575145133104603,-0.3314042490629112,-0.5489316734749972,-0.19732120440495998,-0.02505246201264684,-0.5846005884570074
0.24036264413109903,1.0,-0.44148552479817316,0.5254897431653345,-0.9258436977227672,-0.49231887996746804,2.294208942068725
1.0,1.0,1.0,0.8870951585695412,0.4018040760214221,1.0,-7.037075699086225
1.0,0.1382317170575663,0.057518604396259,1.0,-1.0,-1.0,9.395115673181502
0.9949036456454987,0.9545381430816064,1.0,0.4458110171924359,-0.7425404899487345,1.0,-0.7532817509299534
-0.6717954252659202,0.32411068398849896,-0.14083265610831588,0.29890571904380636,-0.14055355920547458,-0.5819702664662428,0.22540637484194095
-0.5383303620134019,-0.40731622234166753,-0.5398205414300499,-1.0,-1.0,-1.0,2.6640262819359743
0.4673584182200289,-0.012113391225941378,-0.5242594957001022,-0.8169593102840664,-0.6113302289409709,0.754459177186882,3.366104238189104
-0.6160333171744693,0.1592713860931817,0.8894334583041502,-0.06537037333799806,0.3910326886787221,1.0,-0.8600937591495917
-0.07551846350129168,0.6818409945092485,-0.23827419885159756,0.21314445998601905,0.2525913875515942,0.1996244296741777,1.0242600515842541
-0.1594218680612013,0.4109263179402764,-0.17050984263059177,-1.0,0.1891791889948562,0.6448770692008963,1.858978026700704
-0.05853459721357401,-1.0,-1.0,-0.006176212916534363,0.07564928812250082,-0.025197065853729717,-3.283860527424273
1.0,0.6487252870256657,-0.40269090215323455,0.6578626535589253,0.6932237991482786,0.0023844184745713815,-1.621100311603913
-0.7770161988578723,-1.0,-0.1983129556690264,-1.0,0.9834042782692912,1.0,1.5976373602009777
-1.0,-0.3783680428556715,-1.0,-1.0,-1.0,-0.3501343966061259,-0.31327002577823015
0.15083745906815482,0.5296572125565648,0.5657602049602116,0.9349126305591559,-0.8312410263170937,-0.17620102232529455,1.0752968467699326
0.2770457707973053,-1.0,-1.0,-0.7418910644816625,-0.2649493855893341,-0.2900172077075567,-1.485201416925542
-0.39426743039493456,1.0,1.0,1.0,-1.0,-0.7636283334041494,-0.9299805145451292
-1.0,-0.4597088563597709,-1.0,-0.5247843666102019,0.942195705139457,-0.7410859409251274,1.3429694422042258
0.26585250677044536,1.0,0.17972119945375398,1.0,0.09026633408249218,0.1339192329777671,-0.07149025688491084
1.0,1.0,0.3990553045653602,1.0,-0.5905245558951153,-0.2828770314714164,3.383684818808192
1.0,1.0,0.28112157741588073,0.6827596408248902,-1.0,-0.9269765825029859,6.404715834943147
1.0,0.6896421961433783,0.022149995695600777,0.5032994404390466,0.6418005076241031,1.0,1.4547622236771172
-0.257336239910258,0.2696733533494372,-1.0,-1.0,-0.1736689036536706,-0.4261613416917019,-1.8325698778795956
1.0,1.0,1.0,0.5783218212855681,0.10724608681294127,-1.0,0.4126373773151263
-0.6406576477649402,-0.3473517681176592,-0.5133694641884652,-1.0,0.26621309748175115,0.09534510774743099,-0.4311272116660537
0.142111648105413,0.9246528978899545,1.0,1.0,-0.9803756925987864,1.0,-2.8980415608193004
1.0,0.8686331090197785,-0.6982084109689843,0.631790902784754,0.7258376592282382,0.44437419822176305,-1.6354823124624436
-1.0,0.01758646950120027,-1.0,-1.0,-1.0,0.06475082343435484,-2.714355867576444
0.7348610657317185,1.0,1.0,0.6492810693276758,1.0,1.0,-5.922485115828456
0.5536973238107958,1.0,1.0,0.75772159270007,-0.44300858265818666,-0.3496709024433595,0.4440644987765069
-0.186944284532079,0.26594857284706735,-0.20775618403362917,0.5518435478776327,-0.5775104791485698,-0.20195361111699192,0.33387993174713243
0.8190057376122967,0.31169453577843487,1.0,-0.5238796774875512,-0.1506742539972391,0.8623974461279342,-1.5518143061913974
0.9480401080281178,0.637075207003136,-0.08547812309702574,-0.00342623802803943,-0.7141343074411526,-1.0,5.067364058580123
0.3830068079780861,0.12256652486485925,-0.015677421831715388,-0.5694078567641745,-0.5536250087414069,-0.865648617058346,2.5539908791294317
-0.1372501812799257,-0.03366137964314018,-1.0,1.0,-0.44220151582556366,-1.0,1.4769992095867823
0.49770685982100016,1.0,1.0,1.0,0.011023997286989495,-0.507948028737971,-2.330026673664873
0.5855098298120536,1.0,1.0,1.0,0.8587377022621907,0.34874646280811794,-7.233242393615186
-0.09001364961101427,-0.9398310954950269,-0.12671990636097777,0.8326901710493805,0.8226497843385063,0.910493859256848,2.609111234803473
0.8730334246470488,0.027862662504259617,0.38014102098203817,1.0,-1.0,-0.7958988379332157,6.6008942996981546
-0.46592137466707595,0.9702628451029466,1.0,0.25006538615567625,1.0,0.1556910657905155,-2.6602959684383967
-0.4599915984751346,-0.583862790501326,-0.5674954606720315,-0.8434534024688757,-1.0,-1.0,2.515369225337301
0.5948363819035223,-0.9449103820030911,-0.5043453745454489,-0.19209671874097095,0.5130388123601304,0.9121402591886066,0.43034915307664634
-0.9565099978748945,-0.4121529546004319,-0.19581437524973036,-1.0,-0.3314651237799481,-0.5176186689352098,0.6948383757936551
-1.0,-0.024399906822109463,-0.9376178331947822,-0.6062244971712005,-0.871071326601444,-1.0,1.3848747476875616
-0.3231310957401575,0.6370561334516378,0.35075962855599196,-0.22686293006968972,0.41827129805541663,0.392537518498941,1.5621793615991333
0.8975933885184255,0.8981870872492876,1.0,-0.14122981979489335,-0.22104507384809358,-1.0,1.2657740513859514
0.6668920189385654,0.22772474636629825,-0.45225124040514597,-1.0,-0.3869088284340006,-0.05582768562148582,1.1093652315987252
-0.40471255793519867,0.027348590192306732,0.9156602483007832,0.488518911245986,0.32989216059676507,-0.29982458191348627,0.6750430595316332
-1.0,-1.0,-0.042370289397253624,-1.0,-1.0,-0.06823836638154335,2.983028161930392
0.8617852896079375,0.8755509647957749,0.8486872413382204,1.0,1.0,-1.0,-3.8681506927447633
-0.46323082095957935,0.18928466409409955,0.8404747393723704,1.0,-1.0,1.0,-3.0175503925162626
-0.6864005396483266,-1.0,-0.4702098820080918,-0.29592825905915987,-0.07245369414436587,-0.28051363774382504,-0.6141031418695937
-1.0,-1.0,-1.0,-1.0,0.5487287499618301,1.0,-2.194878791289882
-0.12253578386176012,0.03562483461914251,-0.4397869901598779,0.9148528382223835,0.44594315454222266,1.0,4.869145136125681
0.9002677874543927,-0.3621875737652118,-0.0855017428039242,-0.39086838933383233,-0.4735646491726462,0.22975905848117706,1.3287972069576042
-0.3370820952384414,0.3208169920730005,0.3137476130727782,0.07666735304882408,0.04958373268585747,0.3912328775494645,0.1819490778370358
-0.07974011207558185,-0.32137938669059246,-1.0,-0.266535652603741,-0.1412803096227485,-1.0,3.026341305488771
0.8884704197454523,0.4141311854703763,-0.6394438405898204,0.22058819108037686,1.0,0.0041013628145111225,-2.4750099080150383
-0.36433278551780424,-0.5527356709272104,-1.0,-0.423263460213118,-0.7720285903635637,-1.0,2.914349055487677
-1.0,-0.39686561601926074,0.9348891012430712,0.5214309103241296,-0.5690892784263347,1.0,-4.783079389460676
0.36019325577776207,-0.8377804188294595,-0.32488677090113416,-0.06393200014781697,-0.17931277984075078,-0.3507598687390254,-0.4874041867382797
-0.11045079080191753,-1.0,-0.6612055848811417,-0.658789802152727,-0.699653741712756,-0.9005780100097777,2.528174999567177
-0.17693166404330404,-0.26091116243706275,-0.6303976901167446,1.0,-0.6964028338722948,0.4711966860287875,0.21760487113095528
0.4453492875084264,1.0,1.0,0.30692185382563975,1.0,-0.5775905785793777,-3.1685802981103106
-0.5923538889394617,-0.09564807712319445,-1.0,-1.0,1.0,1.0,7.938149599732126
0.3794327767482386,0.31753534082536494,0.4266168863138109,0.6340967858779896,-0.7886253213134005,-0.0215632527458422,1.0216049154848288
1.0,0.36098428374343006,0.6354661262340268,0.04778397941631729,-0.36544992052688274,1.0,2.0486341761230404
-0.8449277316633076,0.007290751093645631,0.004527644781263662,-1.0,-1.0,-1.0,-0.009517650058611313
-1.0,-1.0,0.027276317898049185,-0.42936923135575555,0.3065662307299841,0.1983328781730973,0.21741059176258637
0.15659816655990305,-0.8651258701513731,-1.0,-0.5286180653967001,-0.5065281583531784,-0.37906120293793744,-0.07416731545253025
-0.031845171107772074,-1.0,-1.0,-1.0,1.0,0.161401102894824,-5.469377835240952
0.38523967824252864,-0.019434734825362066,-0.33483367371117534,-0.04810482353513812,1.0,0.665818497639807,-0.4456872162552744
1.0,-0.5284916679493203,-1.0,0.9860778288596042,-1.0,-1.0,6.301087072232273
0.2567227334824429,1.0,0.3824306942678825,0.12485756371637624,-0.33886358830108576,-0.7471651087973097,0.468438810776295
-0.5199227843680266,-1.0,-1.0,-0.792448668356789,1.0,0.7229483836257877,-3.431682944618416
0.3872257584885719,0.7518685880442886,1.0,0.8283283581493371,1.0,-0.5056135352525601,-3.210300490940744
-0.21998732865551474,1.0,-0.1794918408617598,0.4814021546753893,-1.0,0.9791830540193227,4.286836205739068
1.0,1.0,0.7709321507466855,1.0,1.0,0.942568648409853,-5.941586527425753
-1.0,-0.876459883494658,-1.0,-0.8471239798805801,0.9328270096207205,1.0,1.0818450488075901
1.0,-0.5133188179623337,0.6365382243499139,-0.5016192432854392,-0.34123423251440377,-0.5534517986991936,4.049418512215025
-1.0,0.013331280361610465,-0.7196068579908264,-1.0,1.0,-0.13789878575983217,2.989441469319508
-0.8372191708481032,1.0,-0.5325666498984742,-0.016506480192350348,-0.5425143867164022,-1.0,2.4731553021645527
0.12727395745767267,0.12581592357973478,1.0,0.8149495620605413,-0.3671688251060896,-0.11790330063368704,-0.10327045570975851
-1.0,-0.02026304300516335,-1.0,-1.0,0.6261365063655584,-0.10760868228037004,0.03210519876239193
0.5179397433219127,-0.2895632841692767,-0.20961243926446146,0.25106497824159246,-1.0,-0.9106684049394675,3.6642055604175905
-1.0,1.0,0.0230225510274146,0.7783959751212516,0.8374894751517036,-0.7539931791572791,2.4050855415087375
0.04736694264944802,0.624044885624486,-0.5192976247028078,-0.28850704819858347,1.0,1.0,6.269154677903018
-0.038680849180708465,-1.0,0.7340770607071866,-1.0,-1.0,0.46879356646719067,4.201709734098491
1.0,1.0,1.0,1.0,-1.0,-0.7269667420420503,7.819917561365287
-0.7768598402892605,0.6578338408812096,0.23752304093440962,-1.0,0.3329498641817878,0.9366880394296729,2.9141357513585184
-0.46110373249037606,-1.0,0.6817453251157111,0.5643369639648614,0.971902195853946,1.0,4.68644129605702
-0.05818062566881088,-0.9963528491895447,-0.8207908284387091,-0.5340004026597274,-1.0,-0.5575092101790289,0.6665152861991388
-0.07258886677382792,-1.0,-1.0,-0.02932674348860531,1.0,1.0,4.406957127949925
0.33248136134679085,1.0,-0.5594787340176071,-1.0,-0.7687229351330114,-1.0,3.9724569087482364
0.4492143554796624,0.9286651242323567,0.589861332743771,1.0,-1.0,1.0,3.4372340127387355
0.24385405111464986,0.4227317715435517,1.0,0.1699031646596382,0.9407907317281812,-1.0,-0.8023682432831336
0.8396742384467026,-0.3851334371588256,0.620929881523872,0.5166652299189689,-0.9115256544192831,-0.06626746002082584,2.749791674610341
-0.0761564419947644,0.3383145451829674,0.20489166865356742,-1.0,-0.3328190414891702,-0.6444250009972261,0.6267002773871454
-0.47711043687983673,-0.7860213282800877,-0.8346613243496105,1.0,-0.8216579331194208,-0.7076373033967249,-2.79259077732743
0.9504255196807382,0.013259780902668439,1.0,-0.5567776952994193,1.0,0.06986444736716885,-3.847647503631103
-0.052005687548705604,0.9033205888252503,0.7997737219122693,-0.9423934330274077,0.012627283362983743,-1.0,-2.4052366725757572
0.007563738150447641,1.0,0.8283284858263127,1.0,0.8877398987292237,-0.3846235768139522,-3.2968523711834985
-0.09004822965347042,-1.0,0.5304119474288437,1.0,-0.703344083727627,-0.9617104833885732,4.152382198989614
0.8635091970436886,1.0,0.532340575214864,1.0,-0.28811809791583,-1.0,5.766905928631972
-0.8092959910839878,0.32754752658703645,0.2928384013769404,0.3036262846219084,-0.6981184314014144,-1.0,1.3202232615662344
0.9274703642012956,0.6594329061618258,0.4419760745607427,-0.41112270885018365,-1.0,-1.0,6.374191487125161
0.1975928518602746,0.9562780974079782,-0.8834346636531526,-0.45422209002536873,0.3388412598583278,-0.2465198447344961,0.18945987448148793
-0.19409917251025344,-0.6159911192774956,-1.0,-0.2145605585711523,0.12151765826536298,-0.005532602402817572,-0.07094957034434113
0.3051660771809267,1.0,1.0,-0.6134678413410862,-1.0,-1.0,-2.8532267568125707
0.2375209041795796,-1.0,-1.0,0.3267622605853853,1.0,1.0,2.887137071336855
0.13401850737586657,0.7266769871971177,0.29186709623115803,0.45232083018617486,0.3161913674418064,0.7852229249178202,0.6207107834971943
0.10700259239092247,0.9015526335633678,-1.0,-1.0,-0.7041826508547215,-0.6363911044900983,0.1739365696192825
-0.33750900394936845,0.1048888858912844,-0.5184996040840257,-1.0,-0.6700977757525148,-0.9792628962311282,0.18908457296747927
1.0,-0.5458787005073823,0.2975887448336568,0.31242109893716774,-0.04711913352760555,-1.0,6.341401233353508
-0.4984458219042299,-1.0,-0.34738886310456984,-0.7658966402271108,0.6327439479714458,0.6185941635925591,-1.3087874966549142
-0.32150253859930045,-1.0,-0.1623424649871693,-0.8236862556914977,0.6967865791954089,-0.6691382292731923,2.9686286133675908
0.25482058040839434,0.017940811541192196,-1.0,1.0,-1.0,-0.24301451287822673,-0.7723495361768877
0.6394507206991786,-0.23738465490938604,-0.7421738054477893,0.9959801932744923,1.0,0.6137190819178032,-0.984964785493762
0.5933402479022896,1.0,0.4094283946266519,0.2729832377688697,-1.0,-0.3401366655354605,2.162298653547906
1.0,0.7264558916156498,1.0,-0.21674518305883694,0.5578648193224685,1.0,-3.1331191867702946
-0.39938183242489,-1.0,0.25709246628523397,-0.9565618859066782,-0.17897113364110995,-0.6079107443225287,3.395871149611226
-1.0,-1.0,-0.04399016395444322,0.7803890035391581,-0.15945297083097404,-0.9688092275687714,1.6376019598644547
1.0,0.3460481232026851,0.2793654123162017,0.7638496450834378,0.5255096973115496,0.9645356620293266,0.3618772916451844
0.0029677835937327313,-0.43754863687869094,1.0,-0.2356389544571706,0.9400232064081686,-1.0,1.4342041466637103
-0.4474869526205765,-1.0,-0.6789073238116992,0.012874469120527365,-1.0,-0.4113348811510158,-1.1801103698509465
-0.7499303087596474,-1.0,-1.0,-1.0,0.7710476608528055,-0.3117133285860536,-5.235752356236531
0.16063280339208785,0.6427970608960933,0.24045335945308333,1.0,-1.0,-0.5164560807074734,2.673076812435968
-0.6644216749015698,-0.21144355750867816,-0.21014710369436973,-0.41947713228875627,0.6864531622943818,0.7362370453214944,2.307446290032689
0.4798124381967547,0.6444648934066227,-1.0,-1.0,0.9781067238633068,1.0,7.636966669362213
-0.5482405388826073,0.5197962582689502,1.0,1.0,-0.69589334014054,0.5190439572007892,-2.9267123774773585
1.0,-0.5187972767628886,0.6161351038469671,0.6584547611063911,-0.438280499360975,0.7140110888542268,1.6739269646990218
-0.7440939586956676,-1.0,-0.04980420152243403,-1.0,1.0,0.945431914837888,2.188698950180838
0.9814085571694934,-0.4166314527094228,-0.04625385977023244,0.5395558184503211,-0.10619368269087104,0.18030848204268612,0.28580890184151003
-0.4349996718941096,-0.3368836537446105,-1.0,-0.7023285821334662,0.584429755122224,-0.8015293250361617,1.9518944952485777
-0.1388804790026889,1.0,0.09805344067673799,-0.2903855339102571,-0.613693571208763,1.0,4.80006648348058
-0.40222244990077566,0.44112810400825797,-0.05789880955217097,0.006803381363697153,0.6110199534694667,-0.1448634840146865,1.682996717540897
0.2100600904207176,1.0,1.0,0.565886655549007,-0.06024969754578283,-1.0,-1.0360572875740068
-0.9371008815625441,-0.31569955557889134,-0.8214943021633166,-0.3725591064693339,0.5808758438454272,0.4867942951823309,1.7683136746100174
-0.019562980639592956,-1.0,0.5319276191223528,-0.5058978923481643,0.17118753301253603,0.6453948288169408,-0.9208705331363617
0.6989999181671896,0.3814335631617143,1.0,1.0,-1.0,-0.8088410067919009,3.865062512691598
-0.7162532505445575,-0.01839322028713153,-0.14351260192525384,-0.5195929958243004,0.2448429080974064,1.0,2.5087571735661887
-0.2110619714947768,-1.0,-0.6106733489463961,-0.7805559552424115,0.04538830178401532,0.7519448852468855,-1.8537363176510064
0.7952797153891163,0.8707587064315719,-0.3599648482164416,-0.06291668299293063,-1.0,-0.5137919079097022,3.4760800819323583
-0.036188870151993235,-0.005464836044206223,-0.4098981429251409,-0.42974155253416957,-1.0,0.10615947337138396,1.3611880455534002
-1.0,-1.0,-1.0,-0.8916157853834082,-1.0,-1.0,4.135775333530377
-1.0,-0.41642568266471747,-0.8472439738020512,-1.0,1.0,0.10480690430907802,-0.9040063525770112
1.0,0.22387639520121771,0.2254124300267184,0.5447942973505617,0.3452267241958101,0.6169625854435159,-1.8885058414342226
0.21335568748659428,0.3119968663703925,0.41953219887174353,1.0,0.85097602374102,-0.2638523097732338,0.5043925583806632
-0.22422261126569584,-0.03779509354550888,-0.5434457946411663,-0.9529000582598454,1.0,0.4898508986977019,2.8612562648042923
-1.0,0.611659987127722,-1.0,-1.0,0.8301838460150766,0.9964803294738533,10.09078410031772
0.08244434085506225,0.2340501563494375,0.47034026006235546,0.6199698787896677,0.48204883391677567,1.0,1.4123401390049757
0.4957690551891851,1.0,1.0,1.0,0.3830381940284943,0.8564461199377686,-6.110476486264515
1.0,0.34652133351499936,1.0,-1.0,0.8562009530690431,-0.4896686678207139,-1.9105162982656179
-0.21905161250189442,-1.0,-1.0,-1.0,-0.1543312544457116,-1.0,2.285443927506734
-0.6227154373791421,-0.6176782921869557,-0.054448391999122436,-1.0,-0.7265247966980296,-1.0,3.571204193673445
1.0,1.0,1.0,1.0,1.0,-1.0,-6.524922370672516
-0.573765069153253,0.9110786272417978,-0.9905024687153715,1.0,-0.12965207013372426,0.6926150899283465,3.4393729418231387
-1.0,-0.9532532033475107,0.22959405844286662,-1.0,-1.0,-0.44875518776364043,4.473396391690746
-0.0901601209927041,0.07043006612134928,-1.0,-0.05043335152355999,0.4064613032200781,0.09698593037664215,0.7124631251601511
-0.9205882983455455,-0.23152626350839867,0.9912314340861945,0.20257707787412965,-1.0,-0.4785200890827428,-1.7674864600809608
-0.7701142502645312,0.35905609600408883,-0.9670589433529249,-1.0,0.5764207630202878,1.0,9.092213262241613
0.5552238778164618,-0.4851663279183698,0.5373503017327341,-0.38343632376944337,1.0,1.0,-0.43462658273423627
-1.0,-1.0,-0.11382632123932311,-1.0,-0.9030367944499126,0.3949235946166545,0.24376636248685135
-1.0,-1.0,-0.12113147670827451,-0.8220469445990901,-0.9016241779191848,0.39074858279719804,-0.057866429278187415
-1.0,-1.0,-1.0,-0.6710576468192707,-0.46751919894277394,-0.7545555477863393,-0.01687486585370196
0.33189108379837584,1.0,1.0,0.21236378739362127,0.22362117572572865,-0.8730092512055863,-1.0582774148501715
-1.0,-1.0,-1.0,0.5063433607988616,-1.0,-0.8731788133075142,-4.086619692617873
1.0,0.7182043991161445,0.3257440782121752,-0.3877215735157651,1.0,1.0,1.1917639070289863
0.138788435373834,-1.0,-0.529762157197038,-1.0,-0.7384783843211173,-1.0,6.720313619756395
0.41078610634732415,0.6583603453351472,1.0,0.08133818219643593,-0.47073483058005433,0.04131586204911519,-0.02178347975684347
1.0,1.0,0.7235903478966371,0.6473987241078228,-0.21220898958888423,0.49780475485239706,-2.1125938581146677
-0.8028041564887052,-1.0,0.5709386027276708,0.05188334163513471,1.0,-1.0,7.912029692849993
-0.0006597023822546566,-0.6100193433171655,-0.3879080974794467,-0.3489263748510456,-0.14707814687429832,-0.9559146422449285,2.730159241494351
1.0,0.9773547663473969,-0.11995408108953148,-0.5758881499978691,-1.0,-0.7309643904706818,6.218703215729369
-0.2966690152099918,-0.602522145873754,0.4402686385745008,-0.5701457250261113,-0.48986575635941243,-0.6899257706167297,1.5546249522767042
-0.44201568588654133,-0.4092269385388909,0.7327249408711874,0.357082679403956,0.6752254651020699,-1.0,3.102039720112927
-1.0,-0.2452294939950198,-0.7253064418292148,-1.0,-1.0,-0.6184790603446977,-0.465884583018934
1.0,1.0,1.0,1.0,1.0,0.6509598954706055,-9.52653401885448
-0.435181243623632,-1.0,-1.0,-1.0,-0.4702325833479133,-0.2549347984642132,-2.8759165156678277
0.8581710042016898,0.30998006866722116,-0.1581133116554062,-0.414440862193591,0.7907249485776111,0.17234639139268282,-1.515060343074538
-1.0,-0.0604595806603645,-1.0,-0.5343271545089378,-1.0,-0.6018595801528865,-2.156235951503757
-0.18217990870537726,0.7752288704894639,0.22833371720068718,0.8902269557697875,1.0,0.8787388482425726,2.72395329963344
-0.47607134271130414,-0.30382993488160337,-1.0,-0.05575556861683206,-1.0,0.557294432630702,-0.880995192929703
0.25225330713358884,1.0,1.0,1.0,-0.32707880089337915,-1.0,1.75628681143422
-1.0,-1.0,-0.3190901313685359,-0.710164659548737,-0.6348467769044739,0.8445369055340118,-2.891077041076762
-0.4615865069857735,1.0,-1.0,0.8633770928493925,1.0,0.306312945015478,1.2463817631689649
1.0,-0.8192081756880318,0.4512974244565926,0.9714789606520414,-0.2031722915699199,-1.0,7.476930361480333
-0.6853436035356489,-0.7477931413808843,1.0,0.665495280500661,0.6433642525239955,1.0,-0.582347137245462
-1.0,-0.6053494469554086,-0.1832901985678137,-0.012032898721518415,1.0,0.055537147889094696,2.195674332900569
-1.0,0.6397546059024434,-0.20164521201304964,-1.0,0.13920887373352508,0.5860894381138713,1.146171189985401
-0.04197323722118812,-0.251342091547377,-1.0,-0.4860850356274755,0.13904032141158362,0.04801018866315421,-0.49408656768161874
0.4523638892177487,-0.34082301981044777,0.004396647564284983,0.006838692202074899,-0.8522382384043017,-0.3112679586553134,1.8589785763730957
-1.0,-0.14240215038816117,-0.4733117080207897,-0.25789524180229567,0.4100654118458971,-0.08302484167843405,1.4383369114556626
0.286971901668136,-0.4788158674083646,1.0,0.4397451823867994,0.1288338432867483,0.8363454746948233,-1.6763000128178838
0.16692555671699688,0.9185386688877061,1.0,-1.0,0.29148696030142973,1.0,-0.7150239893763124
-1.0,-1.0,-0.5200272354401081,-1.0,-0.5933634794246483,-1.0,3.429529486720132
1.0,-0.604551403137466,-0.2500838638207409,0.9956332045897394,-0.07078759902934528,1.0,3.6847092280609597
-0.29074183260920466,0.14189639043768398,0.8845849413143623,0.42954876114897866,0.7172400285046238,1.0,0.21429395160949555
0.04767231877018185,-0.24726265299192463,-1.0,-0.7492308467538036,1.0,0.6020080685906981,1.4299727307786916
-1.0,-0.7546074121986664,-0.14570198458911188,-0.6854543801273508,-0.670216362079338,-1.0,2.6505028218611435
-0.27286642058847743,-0.49525155509774177,0.0006355484172843318,-0.7804973277279094,-0.38415124302444903,-0.3773905839903266,1.0522268494254825
0.6254731598011564,1.0,-0.38913983099478444,0.5669609189335425,-0.21727737515838347,-0.23207043294532181,1.9958513956815682
0.17204216807936967,0.3054531813375907,0.8979786942431149,1.0,0.7800872286336971,1.0,-0.6119979597640551
1.0,1.0,-0.2646830604098388,1.0,-0.523391226366171,0.9464687198047453,6.567204072998798
0.44961111036173634,0.10438974784539998,0.9218044839153934,-0.49161945317902567,-1.0,-0.1967994843030122,2.106203174072509
-0.00450642197724041,-0.14932338847057292,-0.8854084973361012,-1.0,0.3067272463007348,0.982484665813768,4.135157100568587
-1.0,-1.0,0.1409770104034045,-0.8200060971544791,1.0,1.0,0.5254548855786256
0.6403770802931208,0.09700036604709927,0.3864278349618946,1.0,0.3980608051083423,-0.5119400647662791,1.040750809990259
1.0,-0.10756721627869548,0.7346639989770531,1.0,1.0,0.6109688020162622,-4.382499619711455
-1.0,0.27914939238879344,0.7287248559212371,-1.0,-0.15991445138377802,0.35983271358114705,-2.851727056019871
0.2542344100582784,-0.730424983251935,-1.0,-0.5350989359043972,0.17838876104838408,1.0,3.1436380783908557
0.7815656234401069,0.49810307661552056,1.0,1.0,0.03678617117170513,-0.679314450965862,1.1058204226790092
-1.0,-1.0,-0.7390284218852874,-1.0,-0.3219636001869124,-0.2874917089926565,-2.149909694514335
-1.0,-1.0,0.17256784555011795,-0.32370241699397684,-0.45471428850827117,-0.16174886240547592,-0.0729128986719328
-0.4071761890502209,-0.17408924167203355,-1.0,0.7910039274385526,0.6179224691401729,1.0,8.16294060371055
0.16185662546487983,0.7659660380025581,1.0,-0.5320995123926879,0.7961452962768208,-0.597209116797313,-0.33141520314243444
0.44069168932901714,0.5422188350809236,-1.0,0.9991934059715389,0.7829795700694253,0.27553500295002864,-1.178319223092126
-0.11750195447735912,-1.0,-0.48244101561919783,-0.2036505992973232,-0.0034398617340249404,0.46423729978573436,-0.6342249145800734
1.0,0.8834331131499065,0.5286154295909906,0.25644088335563353,0.5756563707246258,0.3480845464521155,-2.3693375107783323
-0.5541779339559749,-1.0,0.14523675835053476,0.4601846889119732,1.0,1.0,3.7378855691205426
-1.0,-1.0,-1.0,-0.9249571534316594,-1.0,-0.3683840926170656,-1.176867461963894
-0.3727180757623342,-0.04512223086507927,-0.5752011768472914,0.34923546894986346,1.0,0.8319845130739933,4.100633081792068
-0.5656286011477978,0.7399767737437364,-1.0,-0.8859893076831014,-1.0,-0.7547867980238525,-0.9518443947516078
-0.3104640598406443,-1.0,-0.35064802043742926,-1.0,0.8598283558343205,0.3638396968827168,-0.7165018152373808
-1.0,-0.05856463359948405,-1.0,0.16972372730513807,-0.21897789106771615,0.008970520628073686,-1.333212233790658
0.7590847537549724,0.3589811276959569,0.21426579784781358,1.0,1.0,-0.21870766986665013,-1.3597847492119615
1.0,0.5935292856904922,1.0,0.764470570052872,-0.9383181649720349,1.0,2.574641250451186
-0.568243340177908,-0.03546510371052369,-0.8741700049605857,1.0,0.3376552607111501,0.7300588813854354,3.3477660504031452
-1.0,-0.5799658292679524,-1.0,-1.0,1.0,1.0,4.559682328000615
-1.0,-0.14127020600969487,-0.3488918540558148,-1.0,0.7387213801627319,1.0,4.94292571748861
-0.23919183563872937,-1.0,-1.0,0.35215941640240256,-1.0,-0.6114119433589523,-3.2257191689487525
-0.5968262429081743,0.797190965047679,-1.0,0.5272439873873738,-0.42396960445321547,-0.5757705310686062,1.0967441300621097
-0.78257175065068,-0.13690076940174178,-0.24830008834434092,-1.0,-0.0019095783583036319,0.35416984693556036,-0.35756348693486006
-0.7242373583805286,-1.0,1.0,0.6926575711581944,1.0,0.6375661156641725,1.2345833955151362
-0.3820909602873455,0.0603570087063728,-0.9612018754883931,0.95038993098969,-0.7767953461632666,0.7559326793558242,1.3069702264862002
0.8461287230822607,-0.21251275399753938,1.0,1.0,0.5320721676869371,0.5050921706763511,-3.485616395702669
1.0,-0.5736321147833248,-0.8645498211525131,-0.7806553471304827,-0.6472733799107835,-1.0,7.007545841163573
0.5785615954893077,-0.10630406932059167,-0.79989521228485,1.0,0.8155075787844697,-0.1289271951109141,-2.068835566272792
-0.004734002458485986,6.282302644547433e-05,-1.0,-1.0,1.0,0.668901306724043,2.753139046865131
-0.06351580844252006,0.5422821914921688,0.8108668390932476,-0.015523566062426719,1.0,1.0,1.8850070725927934
0.8195492674144047,-0.042426981430905675,-0.27326447223807204,0.29267232834666235,-0.22839493343932915,-0.7833406925249048,2.5801814488615995
-0.5936066632492043,0.730811982112216,0.035853891098217905,0.8318318017933366,-1.0,-0.21438790890687953,-0.47815594324693445
0.8832538570048822,0.3890979072226082,1.0,0.9218103782437488,0.8272260209305378,0.4102012203627111,-4.503126115774912
-1.0,0.10094779868487017,-0.1957412489409056,-0.04334768861927729,0.6116676137364716,-0.03275526212191021,1.5317298578418794
1.0,1.0,1.0,1.0,-0.1783219798286273,0.17465972464581625,-1.7432379622275762
-0.7034035604230073,0.12489758125320785,0.6767660010042549,-0.9195403402703107,1.0,0.2774277745336786,2.973675144173021
-1.0,-1.0,0.26966256005321576,-0.7734918894976627,0.09087798247604184,-0.15954929091913672,0.9508212105994931
0.4819085921609567,0.45178189414542325,1.0,1.0,-0.5394531445072617,-0.07175955912334275,-0.1383836305260639
0.6994297444993747,-0.034494103988539054,-0.41305029761811296,0.3526023247396053,0.701939693302532,-0.5221459793590553,-0.4582693548235268
-0.11009411666809243,-0.2209499033364996,0.0028309600721070083,-0.3455830450862883,-0.7478445469941963,0.438529562769356,0.06826348601595733
-0.14145503886527983,0.10432343114125575,-0.530096858666404,1.0,-0.18378724053215098,-0.749311373065874,0.0786004460415019
1.0,0.6222622194144423,-0.003022357652392539,0.4385849706628757,1.0,-0.1119016518530852,-2.002324112178692
0.6117772166475473,-1.0,-0.1870701035380552,-1.0,0.25338505555233704,1.0,-1.3726826693238576
0.031906161483118006,-0.11224757490996307,-0.0024287106983816864,-0.32308921465402135,-1.0,1.0,5.628758789883928
0.6871114452410054,1.0,1.0,0.10754283051594482,-0.2785769223869179,-0.9183276457063556,-0.24617557085561695
-0.7662151191063467,-1.0,-1.0,0.157434989996463,-0.7153156698443339,-1.0,0.2753870223777981
0.460556643302628,0.3884367993393883,0.4261888441396677,0.22530967663990653,1.0,1.0,1.341458353090745
0.27665387307736533,1.0,0.9062829790998563,1.0,-0.9016076375660937,0.22954643465777624,-1.8685876061972417
-0.23329131512068146,-1.0,-0.8408592459923456,-1.0,0.19955446559469003,1.0,-2.1141464770299425
0.5705144566937802,-0.0018771512640967103,-1.0,-1.0,-1.0,-0.5936180027367262,2.9428750114524393
-1.0,-0.054030042057672034,-0.501948485452426,0.5406156917312729,-0.8014952678011368,-0.0932250492783858,-0.8489988862476965
0.8915264404537249,0.3472898255977659,-0.23027619650868358,1.0,1.0,0.5894956533342104,-2.2637936484107413
-0.8786862086471784,-0.7480305453715536,0.354382934331877,-1.0,-0.8137636077641045,-1.0,4.111618660851386
-1.0,-1.0,-0.048469979187415024,-0.99179191565482,0.31024146434304833,-0.2311881417845283,-0.7935450719688836
0.19515777851940674,0.16442093282889103,1.0,0.7145232671221133,-0.8509187641261811,-0.20993336155245582,0.3471820130393468
1.0,-0.1588044437835534,-0.3354774431885078,0.21936957400534374,0.39658587084894303,0.43937984892431065,-0.9171073350823091
-1.0,-1.0,1.0,0.31717056708364333,0.3483740904563777,0.18089888745651916,1.7470473874250403
-0.3588220911825546,0.5275389798802907,-0.8794447490478772,-0.31239573520170616,-0.04540653211365031,-1.0,2.766184731773124
1.0,0.3220994404794707,-0.6640067759030187,0.3373210064070996,1.0,0.640755510390773,-2.309767146306241
-1.0,-0.9163963893624296,-0.8105456528092141,-0.942542455966435,0.8946730827773439,-1.0,4.231436480045171
-1.0,-0.808650302428424,-1.0,-1.0,0.6630016545280042,1.0,0.7085335940448318
-0.867924725013891,-0.6112765075008711,-1.0,-1.0,-0.3056924640771449,-0.32344275717336024,-2.2083233054766906
-0.26442261170215176,0.26604460704483635,0.5960825900578473,-1.0,-1.0,-0.667233425491957,0.932024305362552
0.2802258777301385,1.0,0.284068670856898,0.8738292302007613,-0.5016130857144262,0.6256417594295289,1.0513118626696125
-1.0,-1.0,-1.0,-0.3007757861687974,1.0,-0.009092150857973436,-4.688451949632158
1.0,1.0,1.0,0.3748516073751431,0.8794467590849498,0.9636339980677522,-6.446558238235791
-0.731475972729263,0.1381972634293103,-1.0,-0.6745062668761586,-0.047109592922480736,-0.24650535740439095,-0.7484340774818694
0.4244025402099787,-0.02516501682431549,1.0,0.5519709770973387,1.0,0.4479827584980265,-3.9402571776905186
0.16502189450830473,-0.32326125622862156,-1.0,0.20663810372591457,0.3574794233665777,-0.12444002942198451,-0.9337373018238311
0.6876522065642869,-0.8035540802036862,0.31102985637812797,-1.0,-0.3391902805590472,-1.0,9.034663025082985
0.23288532183194086,0.48449501263263506,0.21980573093182348,-0.7317901404870508,0.586042132890201,1.0,3.596620768631438
0.46484782433721694,0.9309901923887369,0.6860618579057336,0.2132739036506055,-1.0,-1.0,2.3115289065123186
0.8080641675297353,0.20341473083944783,0.8299438966254178,1.0,0.8795985693424035,0.7462714824213408,-4.106001648407531
0.4981854302806501,-0.3206930272861431,0.5535870711598045,-0.5229174782569834,0.5923849641028232,1.0,-0.356037310989625
-0.0811197735999517,-0.6754249907744163,-0.47906011532471826,-0.753812326647427,-0.6623698830226071,0.6114938945631915,1.4305395065556932
0.7859513494409149,0.8161947789736397,0.656492834458323,1.0,1.0,1.0,-2.7093902753829187
1.0,0.8918858643166412,1.0,1.0,0.22196201166763108,-0.8411642411640176,0.19513823073101025
0.6306193407201349,-0.4999289877758625,0.5186066157726645,1.0,-0.7561562384654148,0.02726988810137998,1.6926692496600075
1.0,1.0,1.0,1.0,-0.5438415093791462,0.29664638878012684,0.20004631856055324
-1.0,-0.2639447719277588,-1.0,-0.05831383829167813,-0.3278657229940021,-1.0,6.0254012228305385
0.9897760317647333,1.0,1.0,1.0,-1.0,-1.0,9.030307711517786
